district,min_similarity,max_similarity,similarity_range,most_similar
AK-00,0.2127230123893511,0.3082576195327538,0.09553460714340273,WI-06,AR-02,OK-05,MT-00,WA-05,KS-02,NC-06,CO-03,TX-25,WA-04,MI-08,TX-06,MI-07,CA-04,FL-03,TX-10,CA-01,NC-02,NC-05,MI-04,MO-02,TX-31,SC-07,MI-03,VA-01
AL-01,0.02848657578579775,0.5463801521148074,0.5178935763290097,GA-08,GA-10,GA-03,OK-01,TX-05,FL-04,AZ-08,TX-03,CA-23,OH-08,MS-03,IL-18,TN-02,TX-26,GA-11,GA-14,SC-04,FL-25,TX-12,TN-08,TX-19,FL-01,OK-04,TX-04,KY-02
AL-02,0.2366180255179221,0.3811042508290875,0.1444862253111654,IN-09,TX-27,KS-04,FL-17,NC-11,SD-00,IN-04,FL-03,AZ-05,FL-11,AL-03,NC-10,CA-01,TX-25,TX-14,FL-19,IN-08,NC-05,CO-04,TX-31,AL-05,MI-10,IN-02,FL-08,TN-03
AL-03,0.08839456996897488,0.22989543275150126,0.14150086278252638,IN-04,FL-11,TN-03,MS-01,MO-06,KY-04,MO-04,WV-01,NC-11,MD-01,MO-03,KS-04,AL-05,SD-00,OH-04,FL-19,NC-03,IN-06,IN-08,ID-01,FL-17,SC-03,IN-03,TX-27,AZ-05
AL-04,0.16740291962806395,0.6679509712546274,0.5005480516265635,GA-14,TX-04,TX-11,TX-08,TX-19,TX-13,KY-05,TN-01,GA-09,NE-03,OK-03,TN-06,TX-36,TX-01,AL-06,GA-03,MO-08,KS-01,KY-01,WY-00,FL-04,IL-15,OK-01,TN-02,AL-01
AL-05,0.15929639041736013,0.26177190452758675,0.10247551411022662,MO-04,MS-01,MO-03,AL-03,MD-01,SC-03,TN-08,IN-04,KY-04,MO-06,TX-12,OK-04,FL-01,AZ-04,MS-04,FL-11,IL-18,IN-03,AZ-05,TN-03,IN-06,KS-04,ID-01,WI-05,WV-01
AL-06,0.0941533854940969,0.4064022637732226,0.3122488782791257,TX-01,OK-03,KY-01,AZ-04,FL-01,TN-02,OK-04,TN-07,MS-04,OK-02,MO-07,TN-08,MO-08,SC-03,TX-36,TX-12,WY-00,TN-06,NE-03,KY-04,MO-03,KS-01,AL-05,IN-03,ID-01
AL-07,0.14469132662326367,0.5368639958127199,0.39217266918945626,GA-13,TX-29,AZ-07,MA-05,OR-03,VA-03,CA-28,HI-02,CA-05,SC-06,TX-33,NY-16,GA-04,NJ-08,CA-20,TX-09,WI-04,TX-30,NC-12,FL-20,CA-06,CA-14,CA-02,NC-01,MI-14
AR-01,0.18077727318443532,0.40612069711478627,0.22534342393035095,VA-09,CO-05,VA-06,SC-04,AR-04,KY-02,OH-07,OH-08,MS-03,TX-17,SC-02,TX-26,GA-11,ID-01,WV-02,TN-03,KS-04,IN-04,SC-01,MD-01,AL-03,MO-06,CA-23,GA-01,KS-01
AR-02,0.1404979715156059,0.22311584434996984,0.08261787283436395,MI-03,WI-06,NC-06,MI-08,NC-02,MI-06,WA-05,KY-06,NC-13,KS-02,MI-07,CO-03,TX-06,FL-16,MT-00,CA-04,OK-05,SC-07,VA-07,MI-11,VA-05,VA-01,NC-05,GA-12,MI-01
AR-03,0.4790974613792062,0.6885497966741403,0.20945233529493407,TX-19,FL-04,TX-08,TN-02,GA-03,TN-01,AL-01,TN-06,TX-04,OK-01,GA-08,TX-05,GA-10,GA-14,TX-36,TN-07,OK-03,TX-11,TX-01,TN-08,OH-08,OK-04,TX-12,IL-18,CA-23
AR-04,0.25167699537303767,0.46491313167085313,0.21323613629781546,AR-01,CO-05,TX-17,VA-06,SC-02,SC-04,WV-02,VA-09,TX-21,GA-01,SC-01,MS-03,AL-02,KY-02,CA-08,TX-26,GA-11,OH-07,KS-04,WA-04,NC-09,OH-08,IN-04,MI-10,TX-27
AZ-01,0.151717171078293,0.3356949805999488,0.1839778095216558,NE-02,TX-23,NH-01,OR-05,NH-02,CT-05,NJ-05,NV-04,CA-07,IA-02,OR-04,CA-10,MN-01,NY-03,MN-02,CA-36,MN-08,AZ-02,FL-18,CO-06,NV-03,IA-01,NY-18,IA-03,CA-03
AZ-02,0.17764768503980005,0.30790029230255694,0.1302526072627569,TX-23,CO-06,CA-10,NE-02,IA-03,CA-07,NJ-03,MI-11,VA-02,IL-13,VA-10,NJ-07,NH-01,MN-02,FL-26,IA-01,MN-03,MI-08,NJ-05,AZ-01,CA-49,NC-13,MI-06,NH-02,NV-04
AZ-03,0.17893750480265455,0.44554026824182796,0.26660276343917344,VA-11,FL-14,IN-01,CA-32,CA-46,FL-05,NJ-01,NY-17,TX-28,CA-33,CT-01,MA-06,MA-04,MD-03,IL-03,TX-16,MS-02,FL-23,MN-04,MD-02,MD-08,NJ-12,OR-01,VT-00,CT-03
AZ-04,0.08177866469929679,0.26403342591422024,0.18225476121492346,FL-01,OK-04,SC-03,TN-07,TN-08,MS-04,KY-01,MO-07,MO-03,TX-12,TN-02,KY-04,IN-03,ID-01,AL-05,MO-04,TX-01,OK-02,IN-06,MS-01,AL-06,WV-01,TN-03,WY-00,MO-06
AZ-05,0.13741273594539918,0.26627166578515266,0.12885892983975347,CA-50,WI-05,FL-19,KS-04,NC-03,TX-27,TX-02,CO-04,MD-01,NE-01,TX-31,AL-03,AL-05,AZ-06,MO-06,IN-04,FL-08,TX-22,FL-11,TX-25,SD-00,ID-02,IN-05,TX-12,NC-11
AZ-06,0.08998283169582966,0.21746119194007932,0.12747836024424966,GA-07,TX-31,TX-10,MO-02,TX-22,IN-05,TX-06,TX-24,TX-25,CA-42,CA-04,TX-02,OK-05,GA-06,CA-50,VA-01,FL-03,MI-02,WA-05,NC-06,IL-14,NJ-04,TX-14,OH-02,CA-22
AZ-07,0.21180688728178781,0.453669235236422,0.24186234795463418,TX-29,GA-13,MA-05,AL-07,NY-16,OR-03,CA-17,CA-28,TX-33,CA-05,NY-10,WI-04,CA-20,GA-04,NJ-08,CA-35,TX-09,TX-30,NY-14,SC-06,CA-29,HI-02,CA-14,MO-01,TX-18
AZ-08,0.180582488076779,0.5372818254882628,0.35669933741148374,TX-05,TX-03,FL-04,GA-10,OK-01,AL-01,GA-08,GA-03,CA-23,MS-03,FL-25,TX-17,TX-26,SC-04,OH-08,SC-05,VA-06,GA-11,IL-18,SC-01,CA-08,SC-02,OR-02,CA-50,MD-01
AZ-09,0.14933760410559693,0.282251288748165,0.1329136846425681,CA-36,CA-03,CA-26,FL-22,WA-01,CA-52,CT-04,CO-07,IL-08,WA-10,MD-06,FL-09,TX-15,CA-09,WA-06,CA-24,IL-11,CO-02,NM-01,OR-05,CT-05,MO-05,KY-03,CA-16,TN-05
CA-01,0.08959720977798358,0.194893945519095,0.10529673574111142,NC-05,MT-00,TX-14,KY-06,CA-04,NC-06,TX-06,IN-02,TX-25,NC-10,SC-07,OK-05,WA-05,NC-07,NC-08,CA-42,TX-27,IN-09,KS-02,VA-01,FL-06,WI-06,IA-04,FL-03,FL-17
CA-02,0.0867989631274475,0.32865386046720946,0.24185489733976195,CA-06,WA-09,CA-51,CA-11,CO-01,CA-18,MN-05,NC-01,TX-18,MD-07,IL-05,CA-14,HI-02,WI-02,CA-05,IL-01,VA-08,NC-04,NC-12,CA-28,NJ-08,NJ-09,TN-09,OR-03,OH-03
CA-03,0.10181051026293896,0.2372534088269335,0.13544289856399455,WA-10,CO-07,WA-01,MD-06,FL-22,CA-09,FL-09,CA-36,CA-26,AZ-09,MO-05,IL-08,TX-15,CA-24,CA-52,CT-04,CA-16,IL-11,CT-05,CO-02,GA-02,WA-06,CA-07,IL-17,OR-05
CA-04,0.11506645905736386,0.1962543502702551,0.08118789121289123,TX-25,TX-06,OK-05,CA-01,NC-06,AZ-06,KS-02,WA-05,TX-14,KY-06,NC-05,VA-01,TX-31,CA-42,MO-02,TX-10,SC-07,IN-05,MI-02,NC-10,FL-08,OH-02,GA-07,AR-02,WI-06
CA-05,0.09628442241608975,0.3715586360185967,0.2752742136025069,CA-28,TX-33,CA-20,OR-03,GA-04,CA-15,SC-06,WI-04,CA-06,CA-19,CA-02,WA-09,HI-02,TX-16,CA-30,MD-07,NC-01,CA-51,TX-18,NC-12,CA-14,MN-05,NJ-08,CO-01,CA-11
CA-06,0.0867989631274475,0.3085828251863672,0.2217838620589197,CA-02,WA-09,CA-51,CA-11,CO-01,CA-18,NC-01,MN-05,IL-05,NC-12,WI-02,NC-04,CA-05,MD-07,NJ-09,TX-18,VA-08,OH-03,TX-33,CA-28,CA-20,HI-02,IL-01,CA-15,CA-14
CA-07,0.18732410416174436,0.2873380239369653,0.10001391977522092,TX-23,CA-24,NV-04,WA-01,CO-06,NH-02,CA-10,CA-52,CT-05,OR-05,CA-03,AZ-02,AZ-01,FL-26,MD-06,CO-07,NH-01,VA-10,FL-09,WA-10,CA-09,NE-02,CA-36,AZ-09,NJ-05
CA-08,0.22877351245281863,0.3935787603834841,0.16480524793066548,TX-17,TX-21,VA-06,SC-01,CO-05,SC-02,GA-01,MS-03,TX-32,FL-15,CA-23,FL-12,SC-04,FL-03,AZ-06,MI-02,KS-03,NC-09,CA-50,NJ-04,TX-31,IL-16,NV-02,IN-05,MO-02
CA-09,0.06891371416488894,0.26804546256185724,0.1991317483969683,CA-16,IL-08,IL-11,MD-06,WA-01,CA-24,CA-03,CA-26,WA-10,TX-15,FL-22,MO-05,CO-07,CO-02,CT-04,FL-09,CA-52,IL-10,GA-02,AZ-09,IN-07,TX-34,WA-02,DE-00,OR-01
CA-10,0.15226782325888819,0.2780907585663356,0.1258229353074474,MN-02,CO-06,NJ-05,TX-23,VA-10,NV-03,IA-03,CA-49,AZ-02,CA-07,NJ-07,NH-01,MN-03,NV-04,MI-11,FL-07,NE-02,IL-13,IA-01,NJ-03,AZ-01,CA-21,WA-08,NH-02,VA-02
CA-11,0.0605033883348692,0.3425577469566263,0.2820543586217571,CA-51,CA-18,WA-09,CO-01,VA-08,IL-05,CA-06,IL-09,OH-03,WI-02,CA-02,CA-38,NC-01,NC-04,MN-05,NC-12,MD-05,NJ-09,CA-27,TX-18,MD-07,NJ-12,CA-15,TX-35,IL-01
CA-12,0.13417052815354052,0.494777410180578,0.3606068820270375,IL-07,GA-05,NJ-10,CA-13,IL-04,NY-05,OH-11,FL-20,WA-07,CA-37,NY-07,MI-13,TX-30,TX-09,NY-09,NY-08,MI-14,MA-07,NY-13,NY-12,MO-01,IL-02,NY-15,NJ-08,TN-09
CA-13,0.2150819204396316,0.6563632549891867,0.4412813345495551,NJ-10,IL-07,CA-12,GA-05,NY-05,NY-15,NY-07,NY-13,MA-07,NY-08,CA-37,IL-04,OH-11,NY-09,FL-20,MI-13,WA-07,TX-30,TX-09,MI-14,NY-12,IL-02,MO-01,CA-34,NJ-08
CA-14,0.12494074595583304,0.3458297558047891,0.22088900984895604,TN-09,NJ-08,MD-07,TX-18,MO-01,MD-04,MI-14,IL-02,IL-01,MN-05,TX-09,TX-30,CA-28,GA-04,CA-02,CA-06,NY-12,OR-03,FL-20,TX-33,MI-13,WI-04,OH-11,CA-05,CA-51
CA-15,0.13090584402539113,0.35666379126566805,0.22575794724027692,CA-30,CA-19,CA-20,CA-05,TX-33,TX-16,CA-28,OR-03,WI-04,SC-06,CA-06,CO-01,WA-09,CA-51,MS-02,CA-11,IL-05,NC-01,CA-02,CA-18,GA-04,OH-03,CA-33,VA-08,NY-06
CA-16,0.06891371416488894,0.2705847187111645,0.20167100454627557,CA-09,IL-11,IL-08,CA-26,CT-04,MD-06,CO-02,CA-24,MO-05,TX-15,WA-01,CA-03,WA-10,FL-22,CA-52,CO-07,FL-09,IL-10,IN-07,CA-47,CA-41,TX-34,WA-02,GA-02,OR-01
CA-17,0.24562897833928304,0.5258796701717988,0.2802506918325158,CA-35,CA-29,NY-16,AZ-07,NY-10,MA-05,NY-14,OR-03,WI-04,CA-19,TX-29,NY-12,TX-33,CA-20,CA-28,CA-05,CA-15,MN-05,TX-18,CA-43,MD-07,GA-13,MO-01,GA-04,NJ-08
CA-18,0.07906756604322661,0.3621289273173299,0.28306136127410325,CA-11,CA-51,VA-08,WA-09,CO-01,IL-05,CA-06,IL-09,MN-05,CA-02,OH-03,WI-02,TX-18,MD-07,CA-38,NC-04,NC-01,IL-01,NC-12,MD-04,CA-15,CA-20,TX-33,MD-05,NJ-09
CA-19,0.16044485033805225,0.39269326452079617,0.23224841418274392,CA-15,CA-20,WI-04,OR-03,CA-30,CA-43,CA-05,CA-28,TX-33,NY-10,GA-04,TX-18,CA-06,MD-07,CA-51,WA-09,CO-01,MN-05,CA-02,CA-18,CA-11,SC-06,MD-04,IL-01,VA-08
CA-20,0.11586553629099551,0.3551804506163029,0.23931491432530738,TX-33,WI-04,CA-05,CA-28,OR-03,CA-15,SC-06,GA-04,CA-19,CA-06,NC-12,TX-16,WA-09,NC-01,CA-30,CO-01,CA-51,MN-05,TX-18,MD-07,CA-02,VA-03,CA-18,CA-11,NC-04
CA-21,0.19995419475469878,0.3922602197521437,0.19230602499744492,MN-03,VA-10,CO-06,FL-26,CA-10,WA-08,CA-07,AZ-02,CA-39,CA-49,FL-07,IA-03,NJ-07,NJ-02,MN-02,IL-06,NV-04,IL-10,CA-24,TX-23,NJ-03,NJ-11,VA-02,NV-03,CA-45
CA-22,0.10406714178836654,0.26188247364037176,0.15781533185200522,OH-12,NJ-04,IN-05,OH-02,CA-50,OH-15,MI-02,AZ-06,NE-01,MO-02,OH-10,FL-08,OR-02,NV-02,WI-05,VA-01,TX-02,TX-31,NM-02,NC-03,GA-07,CA-42,WI-01,GA-06,FL-19
CA-23,0.14608646626227909,0.3910457517989423,0.2449592855366632,MS-03,SC-04,TX-26,VA-06,GA-11,TX-17,OH-08,IL-18,SC-02,MD-01,OR-02,TX-12,FL-12,SC-01,WI-05,CO-05,CA-08,KY-02,NE-01,TN-02,AZ-05,CA-50,GA-01,IL-16,FL-04
CA-24,0.10382177035670308,0.3065000163132133,0.20267824595651018,WA-01,CA-52,CA-09,IL-08,CA-16,MD-06,CA-26,CA-07,CA-03,IL-10,CO-07,CT-04,FL-09,IL-11,FL-22,WA-10,TX-15,CO-02,AZ-09,MO-05,FL-26,NV-04,CT-05,NH-02,CA-36
CA-25,0.23911285123347095,0.49921202471995807,0.26009917348648715,KS-03,FL-13,TX-32,FL-27,VA-10,NC-09,FL-15,CA-31,NJ-07,CA-49,MI-08,MN-03,NJ-05,CO-06,CA-10,TX-21,WA-08,NJ-11,NV-03,CA-48,FL-07,IA-03,OH-01,CA-21,MI-11
CA-26,0.1118953082126324,0.293352569445028,0.18145726123239564,CA-52,CT-04,IL-08,IL-11,CA-09,CA-03,CA-16,AZ-09,WA-01,CA-24,MD-06,FL-22,CO-02,TX-15,WA-10,CO-07,FL-09,MO-05,CA-36,IL-10,NM-01,CA-47,WA-02,CA-41,OR-01
CA-27,0.06866236232463903,0.30705900084511456,0.23839663852047555,CA-53,CA-38,MD-08,TX-35,MD-03,NJ-12,CA-41,IL-09,CA-47,MD-05,NV-01,OH-03,MN-04,WI-02,MD-02,RI-01,IL-05,FL-05,MI-12,NJ-01,WA-02,IN-07,CT-01,TX-34,MA-03
CA-28,0.09628442241608975,0.35669708437272096,0.2604126619566312,CA-05,TX-33,OR-03,GA-04,CA-20,WI-04,CA-15,CA-19,CA-14,CA-06,SC-06,TX-09,MD-07,NJ-08,CA-02,TX-18,TX-30,MN-05,MD-04,AZ-07,MO-01,TN-09,NY-10,WA-09,CA-51
CA-29,0.24740045978130293,0.5602973853231872,0.31289692554188425,CA-17,NY-16,NY-10,NY-14,CA-34,AZ-07,NY-12,CA-35,MO-01,WI-04,TX-30,OR-03,TX-09,TX-18,MD-07,NY-09,NJ-08,MI-14,MD-04,MN-05,TX-33,GA-04,MA-05,CA-43,TN-09
CA-30,0.13090584402539113,0.3841041265073834,0.2531982824819923,CA-15,CA-33,TX-16,CA-19,MS-02,CA-20,CA-05,CA-32,IL-05,NY-06,CO-01,OH-03,TX-33,CA-11,CA-46,WA-09,CA-51,VA-08,SC-06,CA-06,NC-01,MD-05,CA-38,CA-28,WI-02
CA-31,0.4091326748439923,0.6021966705321442,0.1930639956881519,FL-13,CA-25,VA-04,FL-27,CA-52,IL-10,AZ-09,CA-26,IL-08,WA-01,CA-09,CA-24,CO-07,CA-03,FL-22,CT-05,CA-16,CA-07,CO-02,CA-21,VA-10,NV-04,CT-04,IL-11,CO-06
CA-32,0.12182259899132011,0.4470619224447549,0.32523932345343476,CA-46,CA-33,VA-11,CA-30,MS-02,TX-16,AZ-03,CA-15,MN-04,TX-35,MD-08,NJ-12,OH-03,FL-05,NY-06,IL-09,MD-03,MD-05,VT-00,CT-01,WI-02,IL-05,NJ-01,MD-02,MI-12
CA-33,0.2327230596653456,0.43101768597703743,0.19829462631169184,CA-46,CA-30,TX-16,CA-32,VA-11,MA-04,MS-02,CA-15,MD-03,MD-08,CA-38,CA-27,AZ-03,TX-35,MD-05,NJ-12,IL-05,OH-03,IL-09,CA-53,NY-06,MN-04,FL-05,NV-01,CT-01
CA-34,0.3677673321884368,0.5981744023485124,0.23040707016007556,NY-07,NY-09,CA-29,NY-05,CA-40,NY-12,NY-08,NY-14,MA-07,WA-07,CA-37,NY-13,CA-17,NY-10,CA-12,MI-13,CA-43,TX-30,IL-07,MI-14,FL-20,IL-02,NJ-10,MO-01,TX-09
CA-35,0.24562897833928304,0.5420627938717064,0.2964338155324234,CA-17,MA-05,NY-16,AZ-07,NY-06,TX-29,CA-29,TX-20,NY-10,OR-03,CA-15,CA-19,CA-20,CA-05,CA-30,SC-06,TX-33,GA-13,MS-02,VT-00,WI-04,TX-16,CA-28,CO-01,HI-02
CA-36,0.14933760410559693,0.29544298942435576,0.14610538531875883,AZ-09,CA-03,CT-05,FL-22,OR-05,WA-10,FL-09,CO-07,WA-01,MD-06,CA-26,IL-17,OR-04,CA-52,TX-15,CT-04,WA-06,MO-05,CA-07,GA-02,NH-02,CA-09,AZ-01,MI-09,IL-08
CA-37,0.2636989239644333,0.5343974550837605,0.2706985311193272,WA-07,CA-12,IL-07,NY-05,NJ-10,NY-07,NY-09,GA-05,CA-13,NY-08,MA-07,FL-20,IL-02,IL-04,MI-13,TX-30,OH-11,NY-13,CA-43,MI-14,NY-12,TX-09,CA-34,NY-14,MO-01
CA-38,0.11356953816935235,0.3140880290619176,0.20051849089256524,CA-27,CA-53,MD-05,OH-03,IL-09,NJ-12,IL-05,TX-35,WI-02,MD-08,NV-01,CA-11,MD-03,CO-01,VA-08,NJ-09,CA-41,CA-51,MI-12,WA-09,CA-47,CA-18,MD-02,MN-04,RI-01
CA-39,0.09251507985188141,0.340812646478971,0.24829756662708963,IL-06,CA-45,MN-03,WA-08,CA-48,NJ-11,NJ-07,IL-14,FL-07,CA-49,VA-10,OH-01,VA-07,TX-07,VA-02,NV-03,WA-03,NJ-02,CA-21,CA-10,MI-11,MN-02,IL-13,OH-10,VA-05
CA-40,0.4478655601851966,0.8463696001156941,0.3985040399304975,CA-34,NY-14,CA-29,NY-07,NY-12,NY-09,NY-10,CA-17,NY-08,NY-16,MA-07,NY-05,NY-13,CA-43,WA-07,CA-44,CA-37,MO-01,CA-35,IL-02,FL-24,MI-13,TN-09,TX-30,MI-14
CA-41,0.08484904242241047,0.25674273115319163,0.17189368873078115,CA-47,CA-53,IN-07,WA-02,RI-01,TX-34,MD-03,MD-08,IL-11,CA-27,MD-02,NJ-01,CO-02,NV-01,CT-01,NJ-06,OR-01,TX-35,FL-23,IL-08,MN-04,MA-03,CA-16,CT-04,NJ-12
CA-42,0.07886856154387503,0.16714700116962902,0.08827843962575399,MO-02,TX-06,VA-01,TX-10,FL-03,AZ-06,NC-08,TX-31,OK-05,GA-07,VA-07,WA-05,IN-05,NC-05,IL-14,TX-25,VA-05,TX-24,NC-06,CA-04,FL-16,CA-01,NV-02,OH-01,NC-02
CA-43,0.25940001927524997,0.41675505470839824,0.15735503543314827,CA-19,WA-07,WI-04,IL-02,MD-04,NY-10,MD-07,TX-18,MO-01,NY-12,TN-09,IL-01,OR-03,NY-14,TX-30,CA-15,CA-28,TX-09,NJ-08,CA-20,CA-14,TX-33,MI-14,MN-05,GA-04
CA-44,0.6067921864197002,0.865655144962473,0.25886295854277275,NY-09,NY-08,NY-14,MA-07,NY-16,CA-37,NY-10,NY-07,NY-05,NY-12,WA-07,MI-13,CA-40,NY-13,IL-02,CA-43,CA-12,TX-30,MO-01,MI-14,CA-34,FL-20,NJ-08,IL-04,IL-07
CA-45,0.07164942428240444,0.28144136156577987,0.20979193728337542,CA-48,IL-06,CA-39,IL-14,NJ-11,NJ-07,TX-07,VA-07,WA-08,MN-03,OH-01,GA-06,CA-49,GA-07,VA-02,TX-24,VA-10,MO-02,MI-11,WA-03,TX-10,NC-02,VA-05,CA-42,FL-16
CA-46,0.12182259899132011,0.4639699242677267,0.34214732527640657,CA-32,CA-33,VA-11,CA-30,AZ-03,MS-02,TX-16,MN-04,MD-08,MD-03,TX-35,MA-04,NY-17,FL-05,NJ-12,CT-01,CA-15,FL-23,IL-09,MD-02,CA-27,MD-05,NJ-01,NY-06,OR-01
CA-47,0.08484904242241047,0.27868496550764993,0.19383592308523945,CA-41,CA-53,IL-11,MD-08,WA-02,MD-03,CA-27,IN-07,RI-01,TX-34,CO-02,IL-08,CA-16,CT-04,OR-01,FL-23,MN-04,TX-35,MD-02,NV-01,NJ-01,CA-26,CA-09,CT-01,MA-03
CA-48,0.07164942428240444,0.24479215673709812,0.1731427324546937,CA-45,IL-14,IL-06,NJ-11,VA-07,NJ-07,TX-07,OH-01,CA-39,WA-08,GA-06,GA-07,TX-24,MO-02,TX-10,NC-02,CA-42,WA-03,MN-03,VA-02,VA-05,FL-16,NM-02,MI-11,MI-03
CA-49,0.12434524518452647,0.3201364240445001,0.19579117885997363,VA-10,FL-07,NJ-07,NJ-05,CA-10,MN-03,NV-03,MN-02,CA-45,CA-39,CA-48,IL-06,TX-23,CO-06,MI-11,NJ-11,WA-08,TX-07,VA-07,AZ-02,CA-07,IL-14,NE-02,NC-13,IA-03
CA-50,0.13492957422299975,0.24573453155793964,0.11080495733493989,TX-02,AZ-05,TX-31,WI-05,AZ-06,TX-22,IN-05,FL-19,CA-22,NE-01,FL-03,NC-03,MO-02,GA-07,NJ-04,MI-02,CO-04,CA-42,FL-08,TX-10,TX-24,TX-27,TX-25,OH-12,GA-06
CA-51,0.05770892478637943,0.32019882885482265,0.2624899040684432,WA-09,CA-11,CA-18,CO-01,CA-06,VA-08,IL-05,CA-02,OH-03,WI-02,IL-09,MN-05,NC-01,TX-18,MD-07,NC-04,NC-12,CA-38,IL-01,NJ-09,MD-04,CA-15,CA-20,MD-05,TX-33
CA-52,0.1118953082126324,0.34220217708249595,0.23030686886986357,CA-26,CA-24,WA-01,CT-04,IL-08,CA-09,AZ-09,CA-03,CA-16,MD-06,IL-10,IL-11,FL-22,CA-07,CO-07,FL-09,WA-10,CO-02,TX-15,CA-36,MO-05,CT-05,OR-05,NV-04,NM-01
CA-53,0.06866236232463903,0.2894371088855056,0.2207747465608666,CA-27,CA-41,CA-47,MD-08,MD-03,TX-35,CA-38,NV-01,NJ-12,RI-01,MD-02,MD-05,MN-04,WA-02,IN-07,IL-09,TX-34,NJ-01,MA-03,CT-01,FL-05,FL-23,MI-12,WI-02,IL-11
CO-01,0.10685579067135292,0.32415348216547063,0.2172976914941177,IL-05,CA-11,CA-51,WA-09,VA-08,CA-18,OH-03,WI-02,CA-06,IL-09,NC-01,CA-02,NC-04,MN-05,NC-12,NJ-09,CA-38,MD-05,NJ-12,TX-35,CA-15,CA-20,TX-18,CA-27,MD-07
CO-02,0.12453340917199683,0.22067204172708427,0.09613863255508744,IL-08,IL-11,TX-15,OR-01,CA-09,WA-02,CA-16,MO-05,CT-04,CO-07,IN-07,TX-34,NM-03,FL-22,WA-10,NM-01,MD-06,CA-26,WA-01,CA-41,FL-23,WA-06,CA-03,CA-47,FL-09
CO-03,0.10329656335038448,0.19610563479920715,0.09280907144882267,VA-05,MI-03,MI-07,VA-07,FL-16,WA-05,FL-06,MI-06,MI-11,NC-13,MI-08,OH-01,WI-06,VA-01,NC-02,NC-08,OH-14,WA-03,NM-02,AR-02,NV-02,KY-06,MT-00,NC-06,TX-06
CO-04,0.12837079107024305,0.21768631100737576,0.08931551993713271,FL-19,FL-08,NC-03,MI-02,KS-04,SD-00,TX-27,WI-05,NE-01,FL-17,MO-06,MD-01,OH-02,FL-11,IN-05,NC-11,OH-05,AZ-05,TX-14,NC-10,IN-04,OH-04,KS-02,CA-50,TX-31
CO-05,0.17292501264999224,0.39255207377493256,0.21962706112494032,VA-06,AR-01,TX-17,SC-02,SC-04,SC-01,OH-07,TX-21,MS-03,CA-08,AR-04,GA-01,IL-16,VA-09,FL-12,TX-26,CA-23,KS-04,GA-11,NC-09,MD-01,OH-08,MI-04,ID-02,KY-02
CO-06,0.16459553456883333,0.3150668341796706,0.15047129961083724,CA-10,VA-10,AZ-02,TX-23,CA-07,NV-04,IA-03,FL-26,MN-02,CA-21,MN-03,NH-01,NV-03,CA-49,NJ-07,MI-11,NJ-05,NH-02,IA-01,NY-24,NE-02,WA-08,IL-13,NJ-03,AZ-01
CO-07,0.08464963083203614,0.23006681638167642,0.14541718554964028,WA-10,CA-03,WA-01,MD-06,MO-05,FL-09,CA-09,TX-15,FL-22,CO-02,IL-08,MA-09,WA-06,CA-24,DE-00,AZ-09,CT-05,CA-16,MI-09,GA-02,CA-26,IL-11,NM-03,CT-04,OR-05
CT-01,0.0717200111544888,0.2537991922760985,0.1820791811216097,MD-02,NJ-01,IN-07,TX-34,FL-05,CT-03,MD-03,MN-04,NV-01,NJ-06,FL-23,OR-01,MI-12,WA-02,MD-08,TX-35,NJ-12,CA-41,MA-03,RI-01,ME-01,MD-05,TN-05,CO-02,NM-03
CT-02,0.1257583396836965,0.32292389196217736,0.19716555227848084,MI-09,RI-02,OR-04,DE-00,MA-09,MI-05,GA-02,WA-06,KY-03,FL-09,ME-01,MO-05,TX-15,CO-07,WA-10,IL-17,NM-03,TN-05,OR-05,NJ-06,NY-20,CT-03,CT-05,NY-03,FL-22
CT-03,0.1565076036491518,0.2781117940685005,0.1216041904193487,CT-01,NJ-06,MD-02,FL-05,OH-13,MI-12,TX-34,MI-05,NJ-01,MA-03,RI-02,TN-05,OH-09,KY-03,WA-02,ME-01,NM-03,IN-07,GA-02,OR-01,MI-09,DE-00,NV-01,MD-03,NY-20
CT-04,0.10730778163767983,0.25574768816159404,0.1484399065239142,IL-11,CA-26,IL-08,TX-15,CA-16,MD-06,CA-09,CO-02,FL-22,CA-52,AZ-09,CA-03,FL-09,MO-05,WA-01,CA-24,OR-01,WA-10,CO-07,TX-34,WA-02,CA-47,TN-05,GA-02,CA-41
CT-05,0.1321993570332322,0.29623136228292907,0.16403200524969686,NH-02,OR-05,NV-04,AZ-01,NY-03,CA-03,CO-07,IA-02,CA-36,IL-17,OR-04,CA-07,NH-01,WA-10,MD-06,WA-01,FL-09,TX-23,AZ-09,MA-09,FL-22,NY-18,MO-05,TX-15,MI-09
DE-00,0.11026422810685248,0.26060330005585114,0.15033907194899865,MI-09,ME-01,GA-02,FL-09,TX-15,WA-06,MO-05,NM-03,TN-05,WA-10,KY-03,CO-07,CT-02,NJ-06,FL-22,OR-01,RI-02,TX-34,CO-02,MI-05,MD-06,FL-23,MA-09,IL-08,WA-02
FL-01,0.08177866469929679,0.29142101845954765,0.20964235376025087,AZ-04,OK-04,MS-04,TN-08,TN-07,TX-12,SC-03,MO-07,KY-01,TN-02,AL-05,MO-03,WY-00,TX-01,KY-04,ID-01,AL-06,IN-03,MO-04,MS-01,OK-02,TN-03,IN-06,AL-03,WV-01
FL-02,0.28439996483825375,0.43434455217027884,0.1499445873320251,WV-03,TN-04,ND-00,IN-08,TN-03,WV-01,NC-11,MN-06,OH-06,NC-10,AL-03,WV-02,ID-01,FL-17,IN-04,ID-02,KY-04,WA-04,FL-11,IN-02,SD-00,IN-06,TX-27,TX-14,MS-01
FL-03,0.11955053324849703,0.20753214208888215,0.08798160884038513,CA-42,MO-02,TX-31,TX-06,OK-05,TX-10,TX-25,VA-01,IN-05,NC-05,AZ-06,NV-02,MI-02,NC-06,WA-05,NJ-04,CA-01,NC-08,TX-24,FL-08,CA-04,FL-06,TX-22,GA-07,CA-50
FL-04,0.15038376740858694,0.49818783104367387,0.3478040636350869,TX-05,OK-01,GA-03,AL-01,GA-10,GA-08,AZ-08,TX-03,CA-23,TN-02,TX-26,OH-08,MS-03,TX-12,TX-19,IL-18,TN-08,OK-04,FL-01,GA-11,TN-06,SC-04,TN-07,TX-04,GA-14
FL-05,0.11478061683054329,0.2708751742039126,0.1560945573733693,MD-02,MI-12,CT-01,NJ-01,MD-03,NJ-12,MD-05,OH-09,TX-35,CT-03,TX-34,MN-04,MD-08,FL-23,NJ-06,NV-01,WA-02,IN-07,NJ-09,MA-03,TN-05,OR-01,WI-02,CA-41,CA-53
FL-06,0.09986055277235352,0.18910214171182718,0.08924158893947366,NC-08,VA-05,WI-07,WI-08,FL-16,NC-05,SC-07,NC-06,WI-06,WA-05,VA-01,CO-03,OH-14,NC-07,MI-07,KY-06,MI-03,NC-13,OH-01,CA-01,CA-42,NC-02,OH-16,VA-07,TX-06
FL-07,0.1590875545100873,0.38106735625083404,0.22197980174074675,CA-49,NV-03,VA-10,MN-03,CA-39,MN-02,CA-10,NJ-07,NJ-05,IL-06,CA-45,WA-08,CA-48,CO-06,NJ-11,CA-21,MI-11,TX-23,IL-14,VA-07,OH-01,IA-03,CA-07,TX-07,NC-13
FL-08,0.0827200701160243,0.2011162599095358,0.1183961897935115,MI-02,OH-02,NC-03,FL-19,CO-04,FL-17,NJ-04,NC-10,KS-02,IN-05,SC-07,TX-27,OH-15,TX-14,VA-01,NE-01,SD-00,OH-16,CA-04,NC-11,OH-05,WI-08,MI-04,WI-05,TX-31
FL-09,0.11702691997997709,0.2377010938132174,0.12067417383324032,TX-15,MD-06,WA-10,FL-22,MO-05,GA-02,CA-03,CO-07,DE-00,WA-01,CA-09,MI-09,IL-08,CT-04,CA-24,CA-16,WA-06,IL-11,CO-02,AZ-09,TN-05,CA-36,KY-03,CA-26,MA-09
FL-10,0.2074277464564469,0.4856983837733043,0.2782706373168574,VA-04,CA-16,CA-26,IL-11,IL-10,CA-09,CA-47,CT-04,CA-41,IL-08,CA-52,MD-06,CA-03,MO-05,IN-07,CO-02,CA-24,TX-15,HI-01,RI-01,CA-53,WA-10,FL-22,WA-01,CO-07
FL-11,0.09320128754475449,0.21807443683293096,0.12487314928817647,IN-04,AL-03,MO-06,OH-04,MS-01,NC-03,SD-00,MD-01,MI-10,NC-11,FL-17,TN-03,KS-04,MO-04,IN-08,FL-19,MO-03,KY-04,IN-06,CO-04,WV-01,FL-08,NE-01,AL-05,TX-27
FL-12,0.10253410408249537,0.4351596955429121,0.33262559146041676,IL-16,GA-01,SC-02,VA-06,MS-03,SC-01,OH-07,TX-17,SC-04,FL-15,CO-05,CA-23,CA-08,TX-21,OH-08,NC-09,NE-01,OR-02,GA-11,AR-01,MI-10,NJ-04,TX-32,MI-02,IL-18
FL-13,0.26962014019727837,0.55914787903112,0.2895277388338416,CA-25,FL-27,KS-03,CA-31,FL-15,VA-10,FL-07,NJ-05,NC-09,NV-03,CA-49,NY-22,CA-10,NJ-07,CA-21,MN-03,MN-02,MI-08,TX-32,IA-03,WA-08,CO-06,NJ-02,NJ-11,OH-01
FL-14,0.10103063891711249,0.457881261900943,0.3568506229838305,IL-03,TX-28,IN-01,MA-08,MA-04,AZ-03,FL-05,CT-03,MS-02,VT-00,TN-05,OH-13,WI-03,VA-11,NY-17,KY-03,OH-09,CT-01,VA-03,MI-05,MD-02,MA-03,DE-00,TX-16,ME-01
FL-15,0.16958789940617813,0.462030589490566,0.2924426900843879,GA-01,NC-09,SC-01,KS-03,SC-02,TX-21,TX-32,FL-12,TX-17,IL-16,CA-08,VA-06,FL-03,OH-07,FL-13,CO-05,AK-00,CA-25,WA-05,OH-01,WI-06,MI-08,NC-06,AZ-06,MS-03
FL-16,0.07297026791783073,0.16948586961749942,0.09651560169966869,VA-05,MI-03,NC-08,VA-07,VA-01,KY-06,FL-06,NC-02,OH-01,NC-13,NC-07,NC-06,CO-03,NC-05,OH-14,WA-05,TX-06,IL-14,MI-06,CA-42,SC-07,NM-02,VA-02,WI-08,WA-03
FL-17,0.08527162482326694,0.2096732219430989,0.12440159711983195,NC-11,NC-10,SD-00,FL-08,TX-27,IN-08,TX-14,FL-19,NC-03,FL-11,IA-04,IN-02,CO-04,SC-07,IN-09,MN-06,OH-04,KS-02,MI-04,MI-02,CA-01,AL-03,KS-04,OH-02,IN-04
FL-18,0.24472100441114578,0.3992340541587103,0.15451304974756455,NE-02,MN-01,AZ-01,MN-08,AZ-02,TX-23,NH-01,NH-02,IL-12,MI-01,NJ-03,IA-03,AR-02,NC-13,ME-02,MI-07,IA-01,MI-11,GA-12,MI-08,OR-05,NY-01,IA-02,MI-06,NJ-05
FL-19,0.08414636058677773,0.21175547218430985,0.12760911159753213,NC-03,TX-27,FL-08,CO-04,WI-05,AZ-05,FL-17,NE-01,NC-11,NC-10,MI-02,KS-04,TX-14,FL-11,SD-00,AL-03,CA-50,MD-01,OH-02,MO-06,CA-04,IN-05,TX-25,TX-31,IN-04
FL-20,0.07538839847748455,0.3930846608874479,0.3176962624099634,OH-11,TX-30,TX-09,IL-04,MI-14,MI-13,GA-05,MO-01,WA-07,NJ-08,CA-12,TN-09,NJ-10,CA-14,IL-02,IL-07,GA-04,NY-14,MD-04,NY-05,MD-07,TX-18,NY-12,WI-04,NY-09
FL-21,0.18509188258808104,0.6208255088992398,0.43573362631115875,TX-20,MA-08,VA-03,VT-00,TX-28,FL-14,MA-05,IL-03,IN-01,TX-29,GA-13,MS-02,NC-12,NC-04,NY-26,NC-01,AL-07,SC-06,OH-09,CA-35,OH-13,CT-03,MA-04,FL-05,MI-12
FL-22,0.1266078986477542,0.22351773978814302,0.09690984114038881,IL-08,FL-09,CA-03,TX-15,WA-01,CA-09,WA-10,CO-07,GA-02,AZ-09,CT-04,WA-06,IL-11,MD-06,MO-05,CA-26,CO-02,CA-16,DE-00,CA-24,CA-36,CA-52,MI-09,KY-03,TX-34
FL-23,0.14797175406137494,0.265935668912615,0.11796391485124005,TX-34,NJ-01,CT-01,MN-04,MD-02,IN-07,OR-01,MD-08,WA-02,MD-03,FL-05,CO-02,TN-05,CA-41,IL-08,NJ-06,ME-01,IL-11,TX-15,CA-47,TX-35,DE-00,RI-01,GA-02,NM-03
FL-24,0.8287975084422009,1.180662644450141,0.35186513600794,CA-40,CA-29,CA-34,NY-07,CA-17,NY-14,NY-12,NY-05,NY-10,NY-09,MO-01,NY-08,NY-13,CA-35,MD-04,NY-16,MD-07,MI-14,OH-11,MI-13,TX-09,TX-30,TN-09,MA-07,TX-18
FL-25,0.3985665408686484,0.6360929339530507,0.23752639308440227,TX-03,AZ-08,GA-10,GA-08,AL-01,TX-05,OK-01,CA-23,CA-08,FL-04,SC-05,CA-22,MS-03,TX-17,SC-01,OH-12,CA-50,GA-03,NV-02,OR-02,FL-12,TX-21,TX-02,NJ-04,GA-01
FL-26,0.2170927681890854,0.4003570156747599,0.1832642474856745,CO-06,CA-21,CA-07,CA-24,NV-04,AZ-02,CA-10,TX-23,IL-10,WA-01,NH-02,IA-01,VA-10,NY-24,CA-52,MD-06,CA-09,MN-03,NH-01,IA-03,CT-05,CA-16,FL-09,CO-07,CA-03
FL-27,0.3575190493176553,0.6354340426039511,0.27791499328629576,FL-13,CA-25,KS-03,VA-10,TX-32,CA-21,FL-15,MN-03,CA-31,FL-07,WA-08,CA-39,CA-49,IL-06,NJ-07,CA-48,NC-09,CA-45,NJ-11,CO-06,VA-04,NJ-02,CA-10,MI-08,OH-01
GA-01,0.1390814172526293,0.42365536185087993,0.28457394459825064,SC-02,SC-01,FL-15,TX-17,FL-12,NC-09,TX-21,VA-06,IL-16,CA-08,MS-03,CO-05,SC-04,OH-07,TX-32,FL-03,KS-03,CA-23,AR-04,GA-11,AR-01,AZ-06,CA-50,MI-02,NJ-04
GA-02,0.1304435510096226,0.2394782871159722,0.10903473610634959,MI-09,DE-00,NJ-06,TX-15,FL-09,MO-05,KY-03,WA-06,TN-05,FL-22,TX-34,WA-10,NM-03,RI-02,CO-07,ME-01,WA-02,MD-06,CA-03,CO-02,CT-02,IL-08,OR-01,CA-09,MI-05
GA-03,0.1173287262353086,0.5463708607713263,0.42904213453601775,OK-01,AL-01,GA-08,GA-10,FL-04,TX-05,TX-03,AZ-08,GA-14,CA-23,TX-04,TX-19,TN-02,OH-08,TX-26,TX-08,IL-18,MS-03,GA-11,FL-01,TN-06,TX-12,TN-08,OK-04,TN-07
GA-04,0.11939933259863733,0.35704871166270863,0.2376493790640713,TX-33,CA-28,WI-04,CA-05,CA-20,OR-03,TX-09,MD-07,TX-30,TX-18,MD-04,CA-14,NJ-08,SC-06,MO-01,MN-05,MI-14,TN-09,CA-06,IL-01,CA-15,OH-11,FL-20,CA-19,NY-10
GA-05,0.14500244825519326,0.49102838576298213,0.34602593750778887,CA-12,IL-04,NJ-10,IL-07,OH-11,FL-20,CA-13,TX-09,TX-30,MI-13,MI-14,NY-05,WA-07,NY-07,NY-09,MA-07,NY-08,CA-37,MO-01,NJ-08,CA-14,NY-12,TN-09,IL-02,NY-14
GA-06,0.09277661343248099,0.2787629638241063,0.1859863503916253,GA-07,TX-22,TX-24,AZ-06,TX-07,TX-02,TX-10,MO-02,TX-31,CA-48,IN-05,IL-14,CA-42,CA-45,TX-06,CA-50,TX-25,OK-05,VA-07,CA-22,CA-04,VA-01,IL-06,NJ-11,OH-01
GA-07,0.08394653060132988,0.235973981616618,0.15202745101528814,TX-24,AZ-06,TX-10,GA-06,TX-22,MO-02,TX-31,CA-42,TX-06,TX-02,IN-05,TX-07,TX-25,OK-05,IL-14,CA-04,VA-01,VA-07,CA-48,FL-03,CA-50,NC-02,NC-06,OH-01,WA-05
GA-08,0.02848657578579775,0.5594274885988354,0.5309409128130377,AL-01,GA-10,GA-03,OK-01,TX-05,FL-04,TX-03,AZ-08,CA-23,MS-03,OH-08,IL-18,TX-26,TN-02,FL-25,GA-11,GA-14,SC-04,TX-12,TN-08,TX-19,FL-01,TX-04,OK-04,AL-05
GA-09,0.12124463905674353,0.6193251811447683,0.49808054208802477,KY-05,TN-01,NE-03,TX-36,OK-03,TX-11,TN-06,TX-04,TX-13,TX-19,AL-04,TX-08,TX-01,AL-06,GA-14,KS-01,IL-15,MO-08,KY-01,TN-02,TN-07,FL-01,AZ-04,WY-00,KY-02
GA-10,0.06909066507133944,0.5679808012820504,0.498890136210711,GA-08,AL-01,OK-01,GA-03,TX-05,FL-04,TX-03,AZ-08,CA-23,MS-03,FL-25,OH-08,IL-18,TX-26,GA-11,TN-02,SC-04,TX-12,GA-14,TN-08,AL-05,FL-01,OR-02,OK-04,TX-17
GA-11,0.1168662510094339,0.4079250789054285,0.2910588278959946,TX-26,SC-04,CA-23,OH-08,MS-03,KY-02,VA-06,TX-17,SC-02,TX-12,AR-01,KS-01,VA-09,CO-05,SC-01,IL-18,TN-02,IL-15,AZ-05,MD-01,FL-01,TN-08,TN-07,GA-01,OK-04
GA-12,0.14522596186632755,0.2561119677016285,0.11088600583530092,NC-07,KY-06,MI-01,IN-02,SC-07,FL-16,MI-03,MT-00,AR-02,NC-05,OH-16,WI-07,MI-07,NC-06,MN-06,NC-02,TX-14,NC-08,CA-01,NC-13,IL-12,KS-02,FL-06,VA-05,NC-10
GA-13,0.14469132662326367,0.5283546684046618,0.38366334178139816,AL-07,TX-29,AZ-07,MA-05,VA-03,OR-03,CA-28,SC-06,TX-33,NY-16,CA-05,CA-20,NC-12,GA-04,WI-04,HI-02,TX-20,NC-01,NJ-08,NC-04,TX-09,CA-06,CA-17,TX-30,NY-10
GA-14,0.10176996118698294,0.5698300865170248,0.4680601253300419,TX-04,AL-04,TX-08,TX-19,TX-11,KY-05,TN-01,TX-13,GA-03,OK-03,NE-03,TN-06,GA-09,TX-36,TX-01,OK-01,FL-04,AL-06,AL-01,GA-08,TX-05,TN-02,GA-10,KS-01,MO-08
HI-01,0.30572157267683947,0.4679001282325108,0.16217855555567134,NV-01,CA-38,RI-01,CA-27,CA-53,CA-41,NJ-12,MD-05,CA-47,OH-03,TX-35,IN-07,MD-08,MD-03,MI-12,WI-02,MD-02,NJ-01,IL-05,CT-01,MN-04,IL-09,WA-02,FL-10,NJ-09
HI-02,0.28939010003799365,0.4393138684357688,0.14992376839777516,CA-02,CA-06,CA-05,NC-01,SC-06,NJ-09,OR-03,CA-28,WA-09,NC-12,TX-33,CA-20,NC-04,CO-01,VA-03,WI-02,VT-00,NJ-08,CA-51,OH-09,MN-05,CA-15,AL-07,MA-05,AZ-07
IA-01,0.2006391786267079,0.3596664287920128,0.15902725016530492,IA-02,ME-02,NV-04,NH-02,CA-10,MN-08,IA-03,NH-01,NJ-03,AZ-02,TX-23,CO-06,MN-01,IL-12,IL-13,CA-07,MN-02,AZ-01,CT-05,FL-26,NE-02,NY-24,OR-05,MI-11,NJ-05
IA-02,0.1547260482271811,0.3437916229345909,0.1890655747074098,NH-02,IL-17,IA-01,NV-04,CT-05,OR-05,MN-08,OR-04,AZ-01,MN-01,NH-01,WA-10,CO-07,CA-07,TX-23,ME-02,CA-03,FL-09,CA-10,CA-36,NE-02,MD-06,WA-01,MI-09,CT-02
IA-03,0.12815213615074858,0.2518043089385088,0.12365217278776022,NJ-03,MI-11,MI-08,MI-06,IL-13,MN-02,VA-02,CA-10,NJ-02,NJ-07,CO-06,IL-12,AZ-02,NC-13,MI-03,CO-03,NH-01,MI-07,NV-03,WA-03,NJ-11,WA-08,ME-02,NY-11,TX-23
IA-04,0.13202102105346708,0.22977832795979689,0.0977573069063298,IN-02,WI-07,SC-07,FL-17,NC-10,MN-06,WI-08,NC-07,CA-01,IN-09,FL-06,MT-00,SD-00,NC-11,NC-05,OH-16,MI-04,TX-14,KY-06,KS-02,FL-08,NC-08,IN-08,WI-06,MI-01
ID-01,0.14973726990966552,0.264508846732959,0.11477157682329348,WV-01,KY-04,TN-03,IN-04,MO-03,AL-03,MO-07,AZ-04,SC-03,MO-04,IN-06,OK-04,TN-04,MO-06,FL-01,MS-01,MS-04,IN-03,AL-05,TN-08,KS-04,TN-07,TX-12,FL-11,ID-02
ID-02,0.20523917754658821,0.3303576698065295,0.12511849225994126,KS-04,UT-02,CO-04,AZ-05,TN-03,ID-01,IN-04,WI-05,FL-19,MO-06,AL-03,MD-01,TX-27,NC-11,SD-00,KY-04,FL-11,CA-04,NE-01,TX-25,FL-17,NC-03,IN-08,NC-10,KS-02
IL-01,0.10847598812640522,0.3667507600537456,0.2582747719273404,TX-18,MD-04,MD-07,TN-09,MO-01,MN-05,NJ-08,IL-02,CA-14,MI-14,CA-51,WI-04,CA-02,CA-06,CA-18,WA-09,GA-04,TX-33,CA-11,CO-01,TX-30,MI-13,CA-20,OR-03,CA-28
IL-02,0.15110307740082604,0.41649648257818467,0.26539340517735865,TN-09,NJ-08,MO-01,MI-14,IL-01,CA-14,TX-18,MD-04,MD-07,MI-13,WA-07,NY-12,TX-30,MN-05,CA-43,FL-20,TX-09,OH-11,NY-14,WI-04,CA-02,OR-03,IL-04,CA-28,CA-19
IL-03,0.10103063891711249,0.4653428198650969,0.3643121809479844,FL-14,TX-28,IN-01,MA-04,MA-08,CT-03,WI-03,OH-13,AZ-03,TN-05,FL-05,KY-03,MS-02,VT-00,MI-05,MA-03,NY-17,OH-09,CT-01,MI-09,MD-02,DE-00,CT-02,NJ-06,NM-03
IL-04,0.1328161911251786,0.43168157318213163,0.298865382056953,OH-11,FL-20,GA-05,TX-30,TX-09,CA-12,MI-14,MI-13,IL-07,WA-07,NJ-10,MO-01,NJ-08,CA-14,TN-09,NY-05,GA-04,NY-12,IL-02,MD-04,NY-09,NY-14,TX-18,MD-07,CA-13
IL-05,0.10634495756734312,0.3291618143102265,0.22281685674288337,VA-08,CO-01,CA-11,IL-09,CA-51,CA-18,WA-09,OH-03,WI-02,CA-38,CA-06,NC-04,MD-05,TX-35,NC-01,CA-27,NJ-12,NJ-09,CA-02,NC-12,MD-08,CA-53,MN-05,CA-30,CA-15
IL-06,0.0739799972965666,0.31567499109052016,0.24169499379395357,CA-45,CA-39,CA-48,NJ-11,WA-08,MN-03,IL-14,NJ-07,TX-07,OH-01,VA-07,CA-49,VA-02,VA-10,GA-06,WA-03,FL-07,GA-07,NM-02,OH-10,TX-24,MI-11,MO-02,VA-05,IL-13
IL-07,0.12732815870811923,0.5021243869799593,0.3747962282718401,NJ-10,CA-12,GA-05,CA-13,NY-05,IL-04,MI-13,OH-11,FL-20,NY-07,CA-37,MI-14,WA-07,NY-08,NY-09,TX-30,NY-13,MA-07,TX-09,NY-15,MO-01,IL-02,NY-12,TN-09,NJ-08
IL-08,0.08895819242767919,0.23495016492865037,0.14599197250097118,CA-09,IL-11,CA-16,CO-02,FL-22,CT-04,CA-26,WA-01,TX-15,CA-24,CA-03,CA-52,WA-10,CO-07,MD-06,MO-05,FL-09,TX-34,WA-02,AZ-09,OR-01,CA-47,IN-07,FL-23,CA-41
IL-09,0.14047982061491968,0.31754791764393603,0.17706809702901635,IL-05,WI-02,CA-11,VA-08,CO-01,CA-38,CA-27,OH-03,TX-35,CA-18,WA-09,CA-51,NJ-12,NC-04,MD-05,MD-08,CA-53,NC-01,NC-12,NJ-09,MN-04,MD-03,CA-06,NV-01,MI-12
IL-10,0.19089759034623774,0.37820969051572434,0.1873121001694866,CA-24,CA-52,CA-16,CA-09,IL-08,CA-26,IL-11,WA-01,CT-04,VA-04,MD-06,CO-02,FL-26,CA-47,FL-22,CA-03,CA-07,TX-15,CO-07,WA-10,FL-09,MO-05,CA-21,AZ-09,FL-10
IL-11,0.09220151842567456,0.23758644742493215,0.1453849289992576,CA-16,IL-08,CT-04,CA-09,CO-02,CA-26,TX-15,MO-05,CA-47,MD-06,FL-22,CA-41,WA-02,IN-07,TX-34,CA-03,WA-10,WA-01,OR-01,CA-24,CA-52,FL-09,CO-07,NM-01,FL-23
IL-12,0.15878397274284328,0.28243101812655075,0.12364704538370747,MI-07,ME-02,MI-01,IL-13,MI-06,NJ-03,NY-01,IA-03,MI-11,CO-03,MI-03,GA-12,NY-23,MN-08,NY-11,NC-13,WI-07,VA-05,FL-16,MI-08,FL-06,VA-02,NC-07,AR-02,MT-00
IL-13,0.09653242978398496,0.24443150369786634,0.14789907391388138,VA-02,MI-06,NJ-03,MI-03,MI-11,IA-03,FL-16,WA-03,MI-08,VA-05,NC-13,OH-01,CO-03,NJ-02,NJ-11,IL-12,VA-07,OH-14,NJ-07,WA-08,MI-07,NC-02,NM-02,IL-14,AR-02
IL-14,0.09493160695995839,0.2013031047947348,0.1063714978347764,VA-07,OH-01,CA-48,NJ-11,CA-45,CA-42,VA-05,MO-02,NM-02,FL-16,VA-01,WA-03,IL-06,MI-03,NJ-07,WA-05,GA-07,NC-02,NV-02,TX-06,OH-14,TX-10,VA-02,NC-08,TX-24
IL-15,0.1858379670573265,0.4242735976053659,0.23843563054803943,KY-02,OH-08,KS-01,TN-06,NE-03,VA-09,TX-36,TN-07,TN-02,MO-08,KY-01,AZ-04,TX-26,SC-04,OK-04,GA-11,FL-01,TN-01,TN-08,TX-01,AR-01,SC-03,OK-03,MO-07,TX-12
IL-16,0.10253410408249537,0.45582121563722766,0.3532871115547323,FL-12,OH-07,GA-01,VA-06,SC-02,SC-01,MS-03,SC-04,TX-17,CO-05,FL-15,NC-09,CA-23,CA-08,TX-21,NE-01,OR-02,OH-08,TX-32,AR-01,GA-11,MI-02,MI-04,NJ-04,WI-05
IL-17,0.19388599743148027,0.3287748469697765,0.13488884953829622,IA-02,WA-10,CT-05,OR-04,CA-03,CO-07,NH-02,CA-36,MI-09,OR-05,MO-05,GA-02,WA-06,FL-09,RI-02,FL-22,CT-02,NV-04,DE-00,MD-06,WA-01,TX-15,CA-09,MA-09,AZ-09
IL-18,0.16793659517806117,0.2915129328177397,0.12357633763967854,MD-01,OR-02,TX-12,MO-06,WI-05,NE-01,AL-05,TN-08,IN-03,SC-03,MS-01,OK-04,MO-04,TN-02,MO-03,TN-07,KY-04,NC-03,FL-11,AZ-05,IN-04,AL-03,MI-10,CA-23,KS-04
IN-01,0.1765321518166024,0.41140735363505604,0.23487520181845364,TX-28,FL-14,IL-03,CT-03,MA-04,OH-13,MS-02,FL-05,MI-05,MA-08,AZ-03,VT-00,CT-01,OH-09,NY-17,WI-03,TN-05,MD-02,NJ-06,DE-00,KY-03,ME-01,MI-09,NJ-01,CT-02
IN-02,0.1114485082897031,0.22015903342811075,0.10871052513840765,NC-07,IA-04,TX-14,SC-07,MT-00,NC-10,KY-06,MN-06,CA-01,NC-05,FL-17,IN-09,KS-02,GA-12,WI-07,MI-01,OH-16,NC-08,TX-27,NC-11,FL-06,FL-08,VA-01,NC-06,WI-08
IN-03,0.12508984770955628,0.24882594318117224,0.12373609547161596,MO-03,MO-04,SC-03,MS-01,TN-08,MO-06,KY-04,IN-06,OK-04,TN-07,TN-03,TX-12,MD-01,IN-04,AZ-04,AL-03,MS-04,IL-18,AL-05,WV-01,FL-11,ID-01,FL-01,TN-02,MO-07
IN-04,0.08839456996897488,0.21626939219408745,0.12787482222511257,AL-03,FL-11,TN-03,MO-06,MS-01,MO-04,KS-04,MO-03,KY-04,MD-01,IN-06,WV-01,OH-04,SD-00,IN-08,ID-01,AL-05,NC-11,IN-03,NC-03,CO-04,MI-10,FL-17,FL-19,SC-03
IN-05,0.08986272864764348,0.19660933345088163,0.10674660480323815,MO-02,TX-31,VA-01,AZ-06,MI-02,TX-10,OH-02,CA-42,TX-06,NJ-04,OK-05,NV-02,TX-25,FL-08,CA-22,GA-07,OH-12,CA-04,FL-03,TX-24,CA-50,TX-02,NM-02,OH-15,TX-14
IN-06,0.0871230164767038,0.2645652093530062,0.17744219287630242,MO-03,MO-04,KY-04,MS-01,WV-01,IN-03,TN-03,IN-04,MO-06,SC-03,AL-03,FL-11,OH-04,ID-01,MD-01,TN-08,OK-04,AZ-04,MO-07,AL-05,IN-08,ND-00,TN-07,MS-04,OK-02
IN-07,0.12278456743418537,0.2448954674958277,0.12211090006164232,NJ-01,TX-34,CA-41,CT-01,MD-02,WA-02,NJ-06,CO-02,RI-01,MD-03,IL-11,FL-23,NV-01,CA-47,OR-01,MO-05,TX-15,MD-08,CA-16,MN-04,IL-08,NM-03,CA-53,CA-09,FL-05
IN-08,0.12330085157856782,0.24264820213634394,0.11934735055777612,NC-11,FL-17,SD-00,FL-11,OH-04,IN-04,NC-10,MN-06,TN-03,AL-03,ND-00,OH-06,TX-27,MS-01,CO-04,WV-01,IA-04,IN-02,MO-06,IN-06,KS-04,TN-04,FL-19,NC-03,MO-04
IN-09,0.16658526345388422,0.263781310937678,0.09719604748379376,IN-02,CA-01,TX-27,MT-00,FL-17,IA-04,NC-05,TX-14,NC-10,SD-00,NC-11,NC-07,NC-08,SC-07,AL-02,FL-03,TX-25,FL-06,FL-08,KY-06,OK-05,TX-06,IN-08,KS-02,NC-06
KS-01,0.22210640608726256,0.4072322993390874,0.18512589325182482,TN-06,TX-36,IL-15,KY-02,NE-03,VA-09,OH-08,TX-26,WY-00,TN-07,GA-11,FL-01,TN-02,AZ-04,OK-04,MO-07,TX-01,MS-04,MO-08,KY-01,AL-06,TN-08,SC-04,AR-01,OK-03
KS-02,0.11069751578061719,0.1927446756722477,0.08204715989163051,SC-07,MI-02,CA-04,WI-06,MI-04,FL-08,OK-05,VA-01,KY-06,IN-02,CA-01,OH-02,NC-10,MT-00,TX-14,NC-06,AR-02,TX-25,TX-06,WA-05,OH-16,NC-05,FL-17,WI-07,MN-06
KS-03,0.22656986229417178,0.4538871252855714,0.22731726299139962,TX-32,CA-25,FL-15,TX-21,NC-09,SC-01,FL-13,CA-08,GA-01,NY-22,NJ-07,CA-48,MI-08,AK-00,SC-02,TX-07,FL-27,TX-17,NJ-11,OH-01,VA-10,TX-24,VA-07,TX-10,CA-45
KS-04,0.13529238707333102,0.24420741184493144,0.10891502477160042,IN-04,MD-01,CO-04,MO-06,FL-11,FL-19,AL-03,WI-05,AZ-05,TN-03,NC-03,MS-01,ID-02,TX-27,SD-00,FL-17,NC-11,FL-08,MO-04,NE-01,IN-08,AL-05,KY-04,MI-10,OH-04
KY-01,0.1499996333328851,0.319215538468916,0.16921590513603088,AZ-04,MO-08,OK-02,TN-07,TX-01,SC-03,MO-07,FL-01,MS-04,OK-04,TN-08,MO-03,AL-06,TN-02,KY-04,IN-06,WV-01,IN-03,WY-00,MO-04,ID-01,OK-03,AL-05,TX-12,MS-01
KY-02,0.1371005196926693,0.3941337407847748,0.2570332210921055,OH-08,IL-15,VA-09,SC-04,KS-01,AR-01,GA-11,TX-26,MS-03,VA-06,TN-06,TN-07,TN-02,CA-23,FL-01,OK-04,AZ-04,TX-36,TX-12,TN-08,OH-07,NE-03,ID-01,CO-05,IL-18
KY-03,0.06377076132523427,0.27377437790998627,0.210003616584752,TN-05,WA-06,NM-03,GA-02,MI-09,NJ-06,MA-03,OR-01,TX-34,WA-02,DE-00,NM-01,TX-15,FL-22,ME-01,FL-09,MI-05,RI-02,CT-03,CO-02,CT-02,WA-10,MO-05,FL-23,MD-02
KY-04,0.10499804760089591,0.2392028218897093,0.1342047742888134,SC-03,MS-01,MO-03,MO-04,TN-03,IN-06,WV-01,AL-03,IN-04,MO-06,IN-03,ID-01,AZ-04,OK-04,TN-08,AL-05,MD-01,FL-11,TN-07,TX-12,MS-04,MO-07,OH-04,FL-01,KS-04
KY-05,0.12124463905674353,0.5861486692810963,0.4649040302243528,GA-09,TN-01,NE-03,TX-36,OK-03,TN-06,AL-04,TX-11,TX-04,GA-14,TX-19,TX-13,TX-08,TX-01,KS-01,MO-08,AL-06,IL-15,KY-01,TN-02,TN-07,WY-00,FL-01,AZ-04,KY-02
KY-06,0.0879311662608883,0.18691995613095994,0.09898878987007163,NC-07,FL-16,NC-05,SC-07,CA-01,NC-08,VA-01,IN-02,TX-14,MI-03,TX-06,GA-12,MT-00,NC-06,CA-04,OH-16,VA-05,KS-02,FL-06,NC-02,WA-05,OK-05,AR-02,WI-07,CA-42
MA-01,0.20936310563229607,0.7584110824612204,0.5490479768289243,MA-02,HI-02,MA-05,NY-26,MA-08,TX-29,TX-20,NY-06,AL-07,FL-21,VT-00,GA-13,VA-03,AZ-07,OR-03,CA-35,SC-06,NY-16,MS-02,TX-28,CA-05,NC-01,NJ-09,CA-28,OH-09
MA-02,0.20936310563229607,0.78907305428585,0.5797099486535539,MA-01,MA-08,MA-05,NY-26,HI-02,TX-20,TX-29,FL-21,NY-06,AL-07,CA-35,TX-28,VT-00,GA-13,AZ-07,VA-03,MS-02,MA-04,CA-05,SC-06,OR-03,NJ-09,NC-01,CA-28,NY-16
MA-03,0.1659176603017292,0.282719171617349,0.1168015113156198,WA-02,TN-05,OR-01,KY-03,TX-34,MD-02,NJ-06,MD-03,NM-01,NM-03,CT-01,CT-03,CA-41,FL-05,IN-07,WA-06,TX-35,CO-02,CA-53,MN-04,MD-08,TX-15,GA-02,CA-47,MI-12
MA-04,0.20038690700741904,0.40262277941020685,0.20223587240278781,TX-28,MA-08,IL-03,MS-02,IN-01,FL-14,CA-33,MA-03,CT-03,TX-16,FL-05,MD-03,CT-01,NY-17,MD-02,AZ-03,TN-05,NY-26,VA-11,OR-01,MI-12,NY-06,MD-05,VT-00,OH-09
MA-05,0.1698686036323371,0.4781570244177115,0.30828842078537444,TX-29,AZ-07,GA-13,CA-35,NY-16,AL-07,CA-17,OR-03,TX-20,CA-05,CA-28,VA-03,CA-20,NY-10,SC-06,TX-33,HI-02,CA-15,NC-12,WI-04,NC-04,MA-08,NC-01,CA-19,NY-06
MA-06,0.24623141554237143,0.4617450703580927,0.21551365481572127,NY-04,NY-17,MA-09,AZ-03,MD-06,TX-15,NY-25,FL-09,MA-04,MO-05,DE-00,OR-01,CT-04,IN-01,NY-03,CO-02,CT-02,TN-05,CO-07,GA-02,MI-09,CT-01,WA-10,NY-20,IL-11
MA-07,0.22644486635823738,0.5718271067376922,0.34538224037945486,NY-09,NY-08,NY-07,NY-05,NJ-10,CA-12,CA-13,GA-05,IL-07,CA-37,NY-13,MI-13,NY-14,WA-07,FL-20,TX-30,IL-04,CA-34,NY-15,NY-12,OH-11,TX-09,MI-14,NJ-08,MO-01
MA-08,0.19717862618701865,0.45313198477375216,0.2559533585867335,TX-28,MA-04,MS-02,IL-03,FL-14,VT-00,TX-16,TX-20,IN-01,VA-03,NY-26,NY-06,OH-09,NC-04,FL-05,FL-21,NJ-09,CT-03,NC-01,MI-12,SC-06,MA-03,NC-12,MD-05,CA-30
MA-09,0.19673787129070996,0.29758210631689525,0.10084423502618528,TX-15,CO-07,NY-25,MD-06,CT-02,MO-05,MI-09,RI-02,FL-09,WA-10,CO-02,DE-00,NY-03,CA-03,CT-05,GA-02,FL-22,CT-04,OR-04,NY-20,WA-06,AZ-09,OR-05,CA-36,CA-09
MD-01,0.08994075828010355,0.22048172259849574,0.13054096431839218,MO-06,MS-01,IN-04,FL-11,WI-05,KS-04,MO-04,AL-03,IL-18,NC-03,NE-01,AL-05,MO-03,KY-04,IN-03,FL-19,CO-04,OH-04,OR-02,MI-10,TX-12,TN-03,AZ-05,TN-08,IN-06
MD-02,0.0717200111544888,0.24645407280059312,0.17473406164610433,CT-01,FL-05,NJ-01,MD-03,TX-34,MI-12,NV-01,MN-04,IN-07,TX-35,CT-03,NJ-12,NJ-06,WA-02,MD-08,FL-23,MD-05,CA-41,RI-01,MA-03,OR-01,CA-53,OH-09,TN-05,CA-27
MD-03,0.10028783575289682,0.26214993801258096,0.16186210225968414,MD-08,MD-02,CA-53,TX-35,CT-01,CA-41,CA-27,MN-04,NJ-01,NJ-12,FL-05,NV-01,TX-34,IN-07,WA-02,CA-47,FL-23,MD-05,MA-03,OR-01,MI-12,CA-38,RI-01,NJ-06,IL-11
MD-04,0.06374652931728916,0.3456852904015443,0.2819387610842551,MD-07,TX-18,IL-01,MO-01,TN-09,MN-05,NJ-08,CA-14,MI-14,IL-02,WI-04,GA-04,NY-12,TX-30,TX-09,CA-51,TX-33,CA-06,MI-13,CA-18,CA-02,OR-03,CA-28,WA-09,CA-43
MD-05,0.10531880174023991,0.2872633982950142,0.18194459655477427,NJ-12,MI-12,NJ-09,WI-02,TX-35,OH-03,NV-01,CA-38,FL-05,OH-09,MD-02,CA-27,MD-03,MD-08,NC-01,CA-53,IL-09,CT-01,MN-04,NJ-01,IL-05,NC-04,CO-01,RI-01,CA-41
MD-06,0.12081796224071979,0.2491922350315113,0.1283742727907915,FL-09,TX-15,CA-03,MO-05,CA-09,WA-10,CO-07,CA-16,CT-04,WA-01,CA-24,CA-26,IL-11,FL-22,IL-08,CO-02,CA-52,MA-09,AZ-09,GA-02,CA-36,CT-05,DE-00,NV-04,NY-25
MD-07,0.06374652931728916,0.32415348216547063,0.2604069528481815,MD-04,TX-18,IL-01,TN-09,MO-01,MN-05,CA-14,NJ-08,MI-14,IL-02,WI-04,GA-04,CA-51,CA-06,CA-02,TX-33,CA-18,WA-09,CA-28,OR-03,NY-12,TX-30,TX-09,CA-11,CO-01
MD-08,0.10028783575289682,0.27838261439967843,0.1780947786467816,MD-03,TX-35,MN-04,CA-53,CA-27,NJ-12,MD-02,NV-01,CA-41,CA-47,NJ-01,FL-23,CT-01,MD-05,FL-05,IN-07,TX-34,CA-38,RI-01,WA-02,IL-09,MI-12,OR-01,MA-03,WI-02
ME-01,0.13066407310351225,0.2720615371565779,0.14139746405306564,DE-00,OR-01,MI-09,NM-03,WA-06,TN-05,GA-02,TX-34,KY-03,NJ-06,TX-15,FL-23,CT-01,CT-03,CO-02,MI-05,MO-05,WA-02,FL-09,RI-02,IN-07,FL-22,CT-02,MD-02,WA-10
ME-02,0.18829511411611297,0.3490369894438124,0.16074187532769943,IL-12,IA-01,MN-08,NY-01,IA-03,NY-11,MN-01,NJ-03,NH-01,IL-13,IA-02,MI-07,NY-23,NV-04,MN-02,MI-11,NY-19,CA-10,TX-23,NE-02,MI-06,NY-24,NH-02,AZ-02,MI-01
MI-01,0.13624720180612873,0.27102272967409946,0.13477552786797073,MI-07,MT-00,GA-12,IN-02,IL-12,NC-07,WI-07,KY-06,WI-06,SC-07,AR-02,NC-05,IA-04,CA-01,FL-06,CO-03,NC-06,NC-13,MI-03,KS-02,NC-02,FL-16,VA-05,NC-08,MN-06
MI-02,0.0827200701160243,0.19458658741033522,0.11186651729431092,FL-08,OH-02,NJ-04,IN-05,OH-15,KS-02,VA-01,CO-04,FL-19,NC-03,SC-07,MO-02,CA-04,OH-12,TX-31,OK-05,FL-03,NV-02,NE-01,MI-04,TX-06,AZ-06,WI-08,FL-17,OH-16
MI-03,0.09185423234669159,0.17607734096129452,0.08422310861460293,FL-16,MI-06,VA-05,CO-03,VA-02,VA-01,VA-07,AR-02,OH-01,KY-06,WA-03,IL-13,MI-08,WA-05,NC-13,MI-11,NC-02,OH-14,NM-02,FL-06,NC-08,WI-06,NC-06,MI-07,SC-07
MI-04,0.15149481839323742,0.26146948196682535,0.10997466357358793,KS-02,SC-07,WI-06,MI-02,FL-17,WI-07,FL-08,IA-04,NC-10,OH-02,OH-15,IN-02,MN-06,WI-08,MT-00,CA-04,NC-06,CA-01,NC-11,WA-05,CO-04,FL-06,OH-16,NC-03,NC-05
MI-05,0.174921582430528,0.3521919158995562,0.17727033346902818,OH-13,MI-09,RI-02,CT-02,CT-03,DE-00,KY-03,GA-02,WA-06,NJ-06,ME-01,NM-03,TN-05,TX-34,OR-04,WA-02,CT-01,MO-05,IL-17,NM-01,OR-01,MD-02,TX-15,MA-03,IN-01
MI-06,0.09813342957422819,0.2083227543980733,0.11018932482384511,MI-03,MI-08,VA-02,NJ-03,WA-03,IL-13,MI-11,CO-03,VA-05,FL-16,IA-03,MI-07,OH-01,NC-13,AR-02,OH-14,NJ-02,WI-06,NJ-11,VA-07,NM-02,WA-05,WI-01,FL-06,WI-07
MI-07,0.13624720180612873,0.22756276057386893,0.0913155587677402,MI-01,WI-06,CO-03,IL-12,WI-07,FL-06,MI-06,MT-00,NC-13,MI-03,VA-05,MI-08,AR-02,SC-07,FL-16,NC-06,WA-05,MI-11,NC-05,KY-06,NC-02,NC-07,NJ-03,GA-12,NC-08
MI-08,0.10490972309562155,0.2293739305152177,0.12446420741959616,MI-06,MI-11,NC-13,MI-03,IA-03,VA-02,WA-03,NJ-03,CO-03,AR-02,OH-01,VA-07,NJ-11,VA-05,NJ-07,IL-13,MI-07,WI-06,NC-02,WA-05,FL-16,NC-06,NJ-02,IL-14,FL-06
MI-09,0.11026422810685248,0.2661096014802923,0.1558453733734398,DE-00,CT-02,GA-02,WA-06,KY-03,RI-02,MI-05,ME-01,FL-09,TN-05,NM-03,TX-15,OR-04,WA-10,MO-05,NJ-06,CO-07,FL-22,MA-09,OR-01,IL-17,TX-34,NM-01,CT-03,CA-03
MI-10,0.1548114659836278,0.27830946803872836,0.12349800205510056,FL-11,OH-04,MO-06,MD-01,NC-03,IN-04,SD-00,NE-01,FL-17,CO-04,AL-03,FL-08,OH-05,KS-04,MO-04,FL-19,MS-01,MO-03,MI-02,MI-04,NC-11,WI-05,OR-02,IN-08,IN-06
MI-11,0.13272780417079155,0.23598277479511082,0.10325497062431926,MI-08,NJ-07,NC-13,IA-03,MI-06,IL-13,MI-03,CO-03,VA-02,VA-07,NJ-11,MN-02,NC-02,VA-05,FL-16,OH-01,NJ-03,AR-02,MI-07,NV-03,IL-14,WA-03,IL-12,CA-10,NJ-05
MI-12,0.12492317639253336,0.2882458325804556,0.16332265618792224,MD-05,MD-02,OH-09,FL-05,NJ-12,TX-35,NJ-09,NV-01,CT-01,WI-02,MN-04,CT-03,NJ-01,MD-03,MD-08,OH-03,NC-01,RI-01,CA-27,TX-34,NJ-06,MA-03,CA-53,IN-07,CA-38
MI-13,0.14497999862049932,0.3813175022209182,0.23633750360041889,MI-14,FL-20,OH-11,MO-01,TX-30,NJ-08,IL-04,TX-09,TN-09,IL-02,NJ-10,GA-05,IL-07,NY-14,MD-04,NY-05,CA-12,CA-14,WA-07,NY-09,NY-12,MD-07,IL-01,TX-18,NY-08
MI-14,0.11606907426183777,0.371476526849275,0.25540745258743724,MO-01,NJ-08,MI-13,TN-09,TX-30,FL-20,TX-09,OH-11,CA-14,IL-02,MD-04,MD-07,IL-04,TX-18,IL-01,NY-12,WA-07,GA-05,GA-04,MN-05,NY-14,WI-04,NJ-10,CA-12,CA-28
MN-01,0.11247782003577426,0.3912988372075747,0.2788210171718004,MN-08,FL-18,IA-02,ME-02,AZ-01,NE-02,IA-01,IL-12,NH-01,MN-07,NH-02,MI-01,TX-23,OR-05,OR-04,MI-07,NY-01,NJ-05,IA-03,CT-05,NV-04,CA-10,NC-13,AZ-02,MN-02
MN-02,0.10515764356431727,0.2845194017988931,0.17936175823457584,NV-03,CA-10,NJ-05,MI-11,IA-03,NH-01,NJ-07,CA-49,TX-23,CO-06,VA-10,MI-08,FL-07,NE-02,NC-13,CO-03,MN-03,IL-13,NV-04,NJ-11,VA-07,AZ-01,AZ-02,MI-06,NJ-03
MN-03,0.13468377779079418,0.3014702970443357,0.16678651925354152,WA-08,VA-10,CA-39,IL-06,NJ-07,CA-49,CA-21,CA-45,NJ-11,CA-10,CA-48,FL-07,CO-06,VA-02,MN-02,NV-03,IL-14,IA-03,NJ-02,MI-11,AZ-02,IL-13,OH-01,WA-03,MI-08
MN-04,0.12380072697686399,0.2929267314534472,0.1691260044765832,TX-35,MD-08,MD-02,CT-01,MD-03,NV-01,FL-23,NJ-12,NJ-01,FL-05,OR-01,MI-12,IN-07,TX-34,CA-53,WA-02,CA-41,CA-27,MD-05,RI-01,CA-47,MA-03,CO-02,CT-03,NJ-06
MN-05,0.12572263121649982,0.33122590478403113,0.2055032735675313,TX-18,MD-07,MD-04,IL-01,CA-51,MO-01,CA-18,TN-09,WA-09,CA-02,CA-06,CA-14,NJ-08,CO-01,CA-11,WI-04,VA-08,OR-03,TX-33,CA-20,IL-05,IL-02,GA-04,MI-14,CA-28
MN-06,0.14312361789725694,0.2649933206705408,0.12186970277328388,IN-02,NC-10,IA-04,IN-08,FL-17,NC-11,KS-02,TX-14,NC-07,SC-07,SD-00,KY-06,OH-16,CA-01,MT-00,WI-07,TX-27,GA-12,FL-08,MI-04,CO-04,CA-04,OH-02,NC-05,IN-09
MN-07,0.3126484447426534,0.5586015395610722,0.24595309481841876,MN-01,MN-08,MI-01,IL-12,FL-18,MT-00,GA-12,MI-07,ME-02,NY-01,IN-02,NE-02,AZ-01,IA-04,IN-09,WA-04,NC-07,IA-02,CA-01,NC-13,KY-06,NC-05,NH-01,NY-23,WI-07
MN-08,0.11247782003577426,0.36760082970526603,0.25512300966949175,MN-01,ME-02,IA-02,IL-12,IA-01,NH-01,AZ-01,NE-02,FL-18,MI-07,MI-01,NH-02,NY-01,IA-03,TX-23,NJ-05,MN-02,CA-10,NJ-03,NC-13,NV-04,MN-07,MI-11,OR-05,CT-05
MO-01,0.11374277999064372,0.3475371922542968,0.23379441226365308,TN-09,MI-14,NJ-08,MD-04,MD-07,TX-18,IL-01,CA-14,IL-02,MI-13,TX-30,MN-05,TX-09,FL-20,NY-12,OH-11,WI-04,GA-04,NY-14,IL-04,OR-03,WA-07,CA-28,NY-10,TX-33
MO-02,0.07886856154387503,0.18169124910132578,0.10282268755745075,CA-42,TX-10,TX-06,IN-05,VA-01,TX-31,AZ-06,OK-05,GA-07,FL-03,TX-24,TX-25,NV-02,IL-14,VA-07,WA-05,CA-04,TX-22,MI-02,OH-01,NC-08,NM-02,VA-05,NJ-04,NC-06
MO-03,0.06689327320441124,0.22976921029589667,0.16287593709148543,MO-04,IN-06,KY-04,MS-01,IN-03,SC-03,MO-06,IN-04,TN-08,OK-04,TN-03,WV-01,AL-05,AL-03,AZ-04,MS-04,MD-01,TN-07,FL-11,ID-01,MO-07,FL-01,TX-12,OH-04,KY-01
MO-04,0.06689327320441124,0.24374615894409501,0.17685288573968377,MO-03,MS-01,IN-06,MO-06,KY-04,IN-03,IN-04,SC-03,TN-03,AL-05,MD-01,AL-03,FL-11,TN-08,WV-01,OK-04,OH-04,AZ-04,ID-01,MS-04,KS-04,TX-12,TN-07,IN-08,SD-00
MO-05,0.09355410199451422,0.2318245241556639,0.13827042216114968,TX-15,WA-10,MD-06,FL-09,CO-07,GA-02,CA-09,CO-02,CA-16,CA-03,IL-11,DE-00,FL-22,IL-08,NJ-06,CT-04,IN-07,NM-03,MI-09,TX-34,MA-09,WA-01,WA-06,NM-01,WA-02
MO-06,0.08994075828010355,0.21367079819198512,0.12373003991188157,MD-01,MS-01,IN-04,MO-04,FL-11,AL-03,MO-03,KY-04,IN-03,TN-03,IN-06,OH-04,KS-04,NC-03,AL-05,WI-05,NE-01,CO-04,MI-10,SC-03,FL-19,IL-18,SD-00,TN-08,WV-01
MO-07,0.14729820093945478,0.29656414146015697,0.1492659405207022,MS-04,AZ-04,KY-01,FL-01,OK-02,OK-04,WY-00,ID-01,MO-03,TN-07,SC-03,WV-01,TN-08,KY-04,IN-06,TN-03,MO-08,IN-03,MO-04,TN-04,TX-01,IN-04,MS-01,TX-12,AL-03
MO-08,0.1730274544689368,0.3807066135819024,0.20767915911296558,KY-01,OK-02,MO-07,TX-01,TN-07,AZ-04,OK-03,TN-06,MS-04,OK-04,FL-01,SC-03,AL-06,WY-00,TN-02,TN-08,MO-03,NE-03,IL-15,IN-06,IN-03,TX-36,WV-01,KY-04,TN-01
MS-01,0.08316970602328717,0.2345794108612265,0.1514097048379393,MO-04,MO-06,KY-04,MO-03,AL-03,IN-04,IN-06,IN-03,TN-03,MD-01,FL-11,SC-03,AL-05,OH-04,TN-08,WV-01,KS-04,NC-03,OK-04,TX-12,IN-08,FL-19,SD-00,WI-05,CO-04
MS-02,0.22846078574888948,0.3594659232806359,0.13100513753174645,TX-16,TX-28,VT-00,NY-06,SC-06,OH-09,NJ-09,MA-08,MA-04,MD-05,CA-30,MI-12,NC-01,FL-05,CA-15,VA-03,CA-33,IN-01,NJ-12,OH-03,CA-32,NC-12,NC-04,WI-02,VA-11
MS-03,0.12243271621588735,0.35958259221630845,0.2371498760004211,SC-04,VA-06,CA-23,TX-17,OH-08,SC-02,TX-26,GA-11,FL-12,SC-01,CO-05,KY-02,GA-01,IL-18,MD-01,AR-01,IL-16,CA-08,OR-02,WI-05,NE-01,OH-07,VA-09,TX-21,MI-10
MS-04,0.11812531481439516,0.27370573614741806,0.1555804213330229,FL-01,AZ-04,OK-04,TN-08,MO-07,MO-03,TN-07,SC-03,WY-00,KY-01,TX-12,AL-05,MO-04,OK-02,IN-03,KY-04,IN-06,ID-01,MS-01,TN-03,TX-01,TN-02,IN-04,WV-01,AL-03
MT-00,0.11191590592940745,0.20436232529505036,0.0924464193656429,CA-01,IN-02,NC-05,MI-01,KY-06,WI-06,SC-07,NC-06,MI-07,NC-07,KS-02,IN-09,TX-14,WA-05,IA-04,FL-06,CO-03,OK-05,AR-02,TX-06,WI-07,CA-04,NC-10,NC-02,TX-25
NC-01,0.11088778111225778,0.31736668953278635,0.20647890842052857,NC-12,NC-04,NJ-09,WI-02,CA-06,WA-09,OH-03,MD-05,CO-01,CA-51,IL-05,MI-12,SC-06,CA-11,CA-02,OH-09,IL-09,NJ-12,TX-35,TX-16,MS-02,CA-18,FL-05,CA-20,VA-03
NC-02,0.09660879877112648,0.19583002834090585,0.09922122956977937,NC-13,VA-07,NC-06,FL-16,VA-05,TX-06,NC-05,MI-03,WA-05,OH-01,AR-02,KY-06,CA-42,CO-03,NC-08,MI-11,VA-01,FL-06,OK-05,MI-08,IL-14,TX-10,MO-02,WI-06,CA-01
NC-03,0.08414636058677773,0.20658818940104,0.12244182881426229,FL-19,FL-08,NE-01,CO-04,WI-05,FL-11,FL-17,SD-00,MI-02,MD-01,MO-06,TX-27,OH-05,NC-11,OH-02,OH-04,AL-03,NC-10,NJ-04,KS-04,AZ-05,OR-02,IN-04,MS-01,MI-10
NC-04,0.11871444730949982,0.34373534968780856,0.22502090237830874,NC-12,NC-01,WI-02,NJ-09,WA-09,IL-09,CO-01,IL-05,CA-06,CA-11,MD-05,CA-51,OH-03,TX-35,MI-12,CA-02,CA-18,NJ-12,TX-16,FL-05,VA-08,OH-09,CA-38,SC-06,VA-03
NC-05,0.08660381053972149,0.1881057149583712,0.1015019044186497,NC-06,CA-01,TX-06,NC-08,KY-06,FL-06,SC-07,NC-07,TX-14,MT-00,NC-02,CA-42,FL-16,VA-01,WA-05,CA-04,TX-25,OK-05,VA-05,WI-06,IN-02,NC-10,FL-03,MO-02,WI-07
NC-06,0.08660381053972149,0.18216868556368296,0.09556487502396147,NC-05,NC-02,TX-06,WA-05,WI-06,SC-07,CA-04,CA-01,FL-06,FL-16,KY-06,VA-05,NC-13,VA-01,OK-05,CA-42,AR-02,NC-08,VA-07,MT-00,TX-25,MI-03,NC-07,MO-02,KS-02
NC-07,0.0879311662608883,0.2062658478759873,0.11833468161509901,KY-06,IN-02,NC-08,NC-05,SC-07,TX-14,FL-16,GA-12,OH-16,CA-01,FL-06,VA-01,MT-00,WI-07,NC-06,NC-10,VA-05,TX-06,MI-03,WI-08,IA-04,KS-02,MN-06,NC-02,CA-04
NC-08,0.09986055277235352,0.19293003913336051,0.093069486361007,FL-06,FL-16,VA-05,NC-05,VA-01,NC-07,CA-42,KY-06,WI-08,TX-06,SC-07,NC-06,CA-01,NC-02,OH-14,VA-07,OH-16,MO-02,MI-03,CO-03,WA-05,OH-01,TX-14,WI-07,NV-02
NC-09,0.18003061545192808,0.4611901668509423,0.28115955139901416,FL-15,GA-01,TX-21,SC-01,SC-02,TX-32,KS-03,TX-17,CO-05,AK-00,CA-08,IL-16,FL-12,OH-07,VA-06,WA-04,CA-25,WI-06,NC-06,MI-08,FL-03,WA-05,AR-04,AR-02,AZ-06
NC-10,0.08629756659373426,0.21169752006105297,0.1253999534673187,FL-17,NC-11,TX-14,TX-27,IN-02,CA-01,SC-07,SD-00,FL-08,MN-06,FL-19,IA-04,NC-05,KS-02,NC-07,CA-04,IN-08,NC-03,KY-06,IN-09,TX-25,MT-00,CO-04,MI-02,NC-06
NC-11,0.08527162482326694,0.24339324148381752,0.15812161666055058,FL-17,NC-10,SD-00,IN-08,TX-27,FL-11,FL-19,AL-03,TX-14,NC-03,IN-04,FL-08,MN-06,OH-04,IN-02,CO-04,IA-04,IN-09,KS-04,TN-03,CA-01,MO-06,SC-07,MS-01,KS-02
NC-12,0.11088778111225778,0.3427921235967944,0.23190434248453662,NC-01,NC-04,NJ-09,WI-02,WA-09,CA-06,CO-01,SC-06,OH-03,CA-51,VA-03,IL-09,CA-11,CA-20,IL-05,MD-05,TX-16,CA-02,CA-18,TX-33,NJ-12,MI-12,OH-09,TX-35,CA-05
NC-13,0.09660879877112648,0.20923276512057085,0.11262396634944437,NC-02,VA-05,VA-07,FL-16,MI-08,MI-11,MI-03,NC-06,CO-03,OH-01,MI-07,MI-06,FL-06,WA-05,AR-02,NJ-07,VA-02,IL-13,WI-06,NC-05,NC-08,NJ-11,WA-03,NJ-03,KY-06
ND-00,0.19746556661858786,0.3267616103522567,0.12929604373366885,OH-06,IN-08,TN-03,IN-06,WV-01,IN-04,OH-04,KY-04,MO-06,MS-01,FL-11,MN-06,MO-04,FL-02,AL-03,NC-11,IN-03,TN-04,MO-03,SD-00,FL-17,ID-01,KS-04,OH-05,WV-03
NE-01,0.1070176153724236,0.25205477579288205,0.14503716042045844,OR-02,WI-05,NC-03,FL-19,MD-01,CO-04,FL-08,MI-02,OH-05,MO-06,NJ-04,CA-50,IL-18,OH-12,OH-02,FL-11,AZ-05,MI-10,CA-22,OH-15,KS-04,OH-04,SD-00,IN-05,AL-03
NE-02,0.1411390094906436,0.3224783403579223,0.1813393308672787,TX-23,AZ-01,NH-01,NJ-05,AZ-02,MN-02,FL-18,CA-10,MI-11,IA-03,OR-05,NH-02,NC-13,MN-01,CA-07,MN-08,NJ-07,CO-06,MI-08,CT-05,NV-04,CA-49,NV-03,NC-02,VA-10
NE-03,0.17803437870254163,0.46729081951178963,0.289256440809248,TX-36,TN-06,KY-05,TN-01,IL-15,GA-09,KS-01,OK-03,MO-08,TX-01,KY-02,AL-06,KY-01,TX-04,TN-02,TN-07,GA-14,TX-19,OH-08,AL-04,AZ-04,FL-01,WY-00,VA-09,OK-04
NH-01,0.14762506562233932,0.3132575777215933,0.16563251209925398,TX-23,AZ-01,MN-02,NV-04,NE-02,NJ-05,NH-02,CA-10,CT-05,IA-03,NV-03,CO-06,MI-11,IA-02,CA-07,IA-01,AZ-02,OR-05,MN-08,ME-02,NY-01,NY-18,MN-01,NY-03,IL-12
NH-02,0.1321993570332322,0.3048096619203532,0.17261030488712098,CT-05,NV-04,IA-02,OR-05,AZ-01,CA-07,NH-01,OR-04,TX-23,CO-07,IL-17,IA-01,WA-01,CA-03,WA-10,FL-09,NY-03,CA-10,NE-02,CA-36,MD-06,CO-06,FL-22,CA-24,AZ-02
NJ-01,0.1007488461472388,0.2801029989128999,0.17935415276566113,CT-01,MD-02,IN-07,FL-05,MD-03,TX-34,NV-01,FL-23,NJ-12,MN-04,MD-08,NJ-06,CA-41,RI-01,WA-02,MI-12,TX-35,CT-03,OR-01,MD-05,CA-53,CA-47,CO-02,CA-27,OH-09
NJ-02,0.16949796458954902,0.2826692590289932,0.11317129443944418,NJ-03,WA-03,WA-08,MI-06,VA-02,IL-13,IA-03,NJ-11,OH-10,MI-08,OH-01,OH-14,VA-05,MI-03,WI-01,MI-11,NJ-07,NM-02,CO-03,FL-16,IL-14,NC-13,MN-03,WI-08,VA-07
NJ-03,0.12749835293053793,0.275382461315168,0.1478841083846301,MI-06,IA-03,IL-13,VA-02,MI-08,NJ-02,MI-11,WA-03,MI-03,NC-13,IL-12,MI-07,NJ-11,VA-05,FL-16,OH-01,AZ-02,WA-08,CO-03,NJ-07,AR-02,CA-10,OH-14,VA-07,WI-07
NJ-04,0.09774067730479462,0.21974678609708934,0.12200610879229472,OH-15,OH-02,MI-02,OH-12,FL-08,IN-05,CA-22,VA-01,NV-02,OH-10,OH-14,MO-02,WI-08,NM-02,FL-03,NC-03,NE-01,CA-42,WI-01,OH-16,AZ-06,CA-50,TX-31,SC-07,FL-19
NJ-05,0.15251265521260846,0.3220870068785761,0.16957435166596765,MN-02,NV-03,CA-10,CA-49,TX-23,NE-02,NH-01,NJ-07,AZ-01,VA-10,MI-11,FL-07,NC-13,IA-03,CO-06,MI-08,CA-07,NV-04,AZ-02,NC-02,VA-07,CT-05,MN-03,NH-02,CO-03
NJ-06,0.10807747221322299,0.23275575180862873,0.12467827959540574,TX-34,GA-02,WA-02,CT-03,NM-03,IN-07,MD-02,CT-01,KY-03,TN-05,MO-05,TX-15,WA-06,MA-03,NJ-01,RI-02,OR-01,DE-00,MI-09,NM-01,CO-02,ME-01,FL-05,CA-41,FL-23
NJ-07,0.11840781224226724,0.22669997794441898,0.10829216570215175,NJ-11,MI-11,CA-48,VA-07,OH-01,CA-45,CA-49,MI-08,IL-14,VA-10,NC-13,MN-03,WA-08,MN-02,VA-02,IL-06,NC-02,NV-03,CA-10,VA-05,IA-03,NJ-05,IL-13,CA-39,MI-03
NJ-08,0.10953236964477667,0.35360383287656816,0.2440714632317915,TN-09,MO-01,MI-14,CA-14,TX-18,MD-07,MD-04,IL-02,IL-01,TX-30,MI-13,TX-09,MN-05,FL-20,OR-03,GA-04,CA-28,OH-11,WI-04,NY-12,CA-02,NY-14,TX-33,CA-06,IL-04
NJ-09,0.13066307818201756,0.3210693071596847,0.19040622897766712,NC-01,MD-05,WI-02,OH-09,MI-12,OH-03,NJ-12,NC-04,NC-12,FL-05,TX-35,CO-01,CA-06,WA-09,MS-02,CA-38,IL-05,NV-01,MD-02,IL-09,CA-51,CA-11,SC-06,CA-27,CA-02
NJ-10,0.12732815870811923,0.49779079943285415,0.3704626407247349,IL-07,GA-05,CA-12,CA-13,NY-05,MI-13,FL-20,OH-11,IL-04,NY-07,NY-08,MI-14,NY-09,MA-07,TX-30,CA-37,TX-09,WA-07,NY-13,NY-15,MO-01,IL-02,NJ-08,TN-09,NY-12
NJ-11,0.10359700767879347,0.21559742577312935,0.11200041809433588,OH-01,IL-14,NJ-07,CA-48,VA-07,VA-02,WA-08,CA-45,WA-03,IL-06,MI-08,MI-11,VA-05,MI-03,FL-16,MI-06,NC-13,IL-13,NC-02,OH-14,NM-02,NJ-02,CA-39,OH-10,MN-03
NJ-12,0.10531880174023991,0.2773309394928737,0.17201213775263377,MD-05,TX-35,NV-01,MD-08,MI-12,OH-03,MD-02,MD-03,CA-27,FL-05,NJ-01,WI-02,MN-04,CA-38,CT-01,CA-53,NJ-09,IL-09,RI-01,OH-09,CA-41,IN-07,IL-05,FL-23,NC-01
NM-01,0.12108926459434788,0.2691988855846174,0.14810962099026953,NM-03,WA-02,WA-06,CO-02,KY-03,TN-05,WA-10,OR-01,MA-03,NJ-06,MO-05,TX-34,IL-11,TX-15,CO-07,GA-02,CA-03,IL-08,AZ-09,FL-22,CT-04,CA-41,MI-09,CA-26,IN-07
NM-02,0.11440052447432217,0.1974873920026288,0.08308686752830663,WA-03,OH-14,VA-01,WA-05,OH-01,NV-02,IL-14,OH-15,MI-03,WI-08,VA-05,OH-10,FL-16,WI-01,OH-02,VA-07,CA-42,MO-02,OH-16,IN-05,NJ-04,CO-03,FL-06,NC-08,MI-06
NM-03,0.10913038073790447,0.2497879901036078,0.14065760936570332,WA-06,NM-01,WA-02,KY-03,TN-05,NJ-06,OR-01,GA-02,TX-34,CO-02,DE-00,MI-09,WA-10,ME-01,MO-05,TX-15,MA-03,CO-07,RI-02,FL-22,IN-07,FL-09,IL-08,IL-11,CT-03
NV-01,0.13138896452898932,0.2818394401073065,0.15045047557831717,NJ-12,MD-02,TX-35,CT-01,MD-05,MI-12,NJ-01,MD-08,MD-03,MN-04,IN-07,RI-01,CA-27,CA-53,CA-41,FL-05,CA-38,TX-34,OH-03,WA-02,CA-47,WI-02,CT-03,OH-09,NJ-06
NV-02,0.1371706965791164,0.21076275762098012,0.07359206104186372,VA-01,MO-02,NM-02,OH-14,IN-05,CA-42,NJ-04,FL-03,MI-02,VA-05,OH-01,IL-14,WI-08,OH-10,CO-03,NC-08,OH-15,OH-02,WA-05,TX-31,TX-06,OK-05,FL-06,VA-07,OH-12
NV-03,0.10515764356431727,0.30811986304034356,0.20296221947602627,MN-02,NJ-05,CA-10,FL-07,NJ-07,CA-49,MI-11,NH-01,IA-03,VA-10,TX-23,CO-06,MN-03,CO-03,NC-13,NJ-11,IL-13,MI-08,VA-07,NV-04,OH-01,WA-08,CA-39,VA-05,NY-19
NV-04,0.151406935111969,0.305633456938209,0.15422652182623997,NH-02,CT-05,CA-07,NH-01,IA-02,CO-06,TX-23,CA-10,OR-05,IA-01,AZ-01,CO-07,MD-06,NY-03,CA-03,WA-01,MN-02,WA-10,FL-26,CA-24,FL-09,NJ-05,IL-17,NV-03,NE-02
NY-01,0.12538512670967006,0.3659228470593221,0.24053772034965204,NY-11,NY-23,IL-12,NY-19,ME-02,NY-02,NY-21,MI-07,IA-03,NH-01,MI-11,MI-01,NY-18,MN-08,CO-03,MI-06,NY-24,NE-02,MN-02,NJ-03,MI-08,IL-13,TX-23,MN-01,AR-02
NY-02,0.17857835815126086,0.3670113622219344,0.18843300407067357,NY-23,NY-11,NY-19,NY-21,NY-01,IA-03,CO-03,MI-06,MI-11,IL-12,NJ-02,MI-08,NY-24,MI-07,OH-14,MI-03,IL-13,NJ-03,VA-05,MN-02,NV-02,NY-27,NV-03,OH-01,ME-02
NY-03,0.19908889974079422,0.3547367051772342,0.15564780543644,NY-18,CT-05,OR-05,MA-09,NV-04,NH-02,AZ-01,OR-04,TX-23,NH-01,NY-25,CO-07,CT-02,MD-06,FL-09,CA-36,AZ-09,CA-07,CA-03,MI-09,WA-01,IA-02,TX-15,NE-02,WA-10
NY-04,0.24096375246082133,0.47963080853923473,0.2386670560784134,NY-17,MA-06,MA-09,NY-20,NY-25,CT-02,NY-03,MI-09,IN-01,MA-04,TX-15,DE-00,MO-05,RI-02,MD-06,FL-09,CT-03,ME-01,GA-02,OR-01,CO-07,CT-01,TN-05,CO-02,WI-03
NY-05,0.1371867910004459,0.5178550690106257,0.38066827801017983,NY-07,NY-08,NY-09,NJ-10,IL-07,CA-12,NY-13,MA-07,GA-05,MI-13,CA-13,FL-20,CA-37,OH-11,IL-04,NY-15,WA-07,TX-30,NY-14,MI-14,CA-34,TX-09,NY-12,MO-01,IL-02
NY-06,0.2549560942593842,0.42948967682588135,0.17453358256649715,MS-02,NY-26,TX-16,CA-30,CA-15,SC-06,VT-00,NJ-09,MI-12,MD-05,NC-01,MA-04,CA-33,MA-08,NJ-12,NV-01,OH-03,CO-01,IL-05,TX-28,OH-09,TX-35,CA-32,CA-20,CA-35
NY-07,0.1371867910004459,0.5456196895503314,0.40843289854988546,NY-05,NY-08,NY-09,NY-13,MA-07,NJ-10,CA-12,IL-07,CA-34,CA-13,GA-05,CA-37,MI-13,NY-15,WA-07,NY-14,NY-12,FL-20,OH-11,IL-04,TX-30,MI-14,TX-09,MO-01,IL-02
NY-08,0.12449220859154202,0.5610285799315397,0.4365363713399976,NY-09,NY-05,NY-07,MA-07,NY-13,NJ-10,CA-12,IL-07,MI-13,GA-05,CA-13,NY-14,CA-37,NY-15,FL-20,IL-04,OH-11,CA-34,WA-07,TX-30,MI-14,NY-12,TX-09,MO-01,IL-02
NY-09,0.12449220859154202,0.4870025436278541,0.3625103350363121,NY-08,NY-05,MA-07,NY-07,NY-14,MI-13,NJ-10,CA-12,GA-05,FL-20,IL-07,CA-37,TX-30,WA-07,NY-12,IL-04,NY-13,CA-34,OH-11,MI-14,TX-09,CA-13,MO-01,NY-10,NJ-08
NY-10,0.22134116342198992,0.39213551308826905,0.17079434966627913,NY-14,NY-16,OR-03,NY-12,WI-04,MN-05,CA-19,TX-18,CA-17,TX-33,CA-28,MD-07,MO-01,CA-43,TX-30,GA-04,MD-04,NJ-08,CA-20,TX-09,AZ-07,CA-05,TN-09,CA-29,CA-14
NY-11,0.12538512670967006,0.37447655467332,0.24909142796364991,NY-01,NY-23,NY-02,NY-21,NY-19,IL-12,IA-03,ME-02,NY-24,MI-07,MI-11,MI-06,NJ-03,MI-08,CO-03,NH-01,IL-13,MN-02,MI-03,NY-18,AR-02,MI-01,NJ-02,NC-13,VA-02
NY-12,0.26225811712890784,0.4347580246527947,0.17249990752388683,MO-01,NY-10,TN-09,NY-14,MI-14,MD-04,TX-18,WA-07,MD-07,CA-14,IL-02,NJ-08,TX-30,MN-05,TX-09,MI-13,CA-43,IL-01,FL-20,IL-04,OH-11,NY-09,WI-04,OR-03,CA-29
NY-13,0.23063845218219794,0.7357662336809159,0.505127781498718,NY-15,NY-07,NY-05,NY-08,CA-13,IL-07,NY-09,NJ-10,MA-07,CA-12,CA-37,GA-05,CA-34,MI-13,WA-07,IL-04,OH-11,FL-20,NY-12,NY-14,MI-14,TX-30,TX-09,MO-01,IL-02
NY-14,0.22134116342198992,0.4131326028044748,0.19179143938248486,NY-10,NY-12,TX-30,MO-01,NY-16,NY-09,MI-13,NJ-08,MI-14,OR-03,TX-09,FL-20,WI-04,WA-07,TN-09,MD-04,IL-02,OH-11,MD-07,CA-43,TX-18,CA-29,MN-05,CA-17,NY-08
NY-15,0.23063845218219794,0.8413512598790114,0.6107128076968135,NY-13,CA-13,NY-05,NY-07,NY-08,NJ-10,IL-07,CA-12,MA-07,NY-09,GA-05,CA-37,MI-13,IL-04,OH-11,FL-20,CA-34,WA-07,MI-14,TX-30,TX-09,NY-12,NY-14,MO-01,IL-02
NY-16,0.25012223136898487,0.49937692677976225,0.24925469541077738,NY-10,CA-17,AZ-07,NY-14,MA-05,OR-03,CA-35,CA-29,TX-29,WI-04,GA-13,NY-12,TX-33,CA-20,CA-19,MN-05,CA-28,AL-07,NJ-08,TX-18,MO-01,CA-05,TX-30,GA-04,MD-07
NY-17,0.24096375246082133,0.4585766021069981,0.21761284964617675,NY-04,MA-06,NY-20,IN-01,MA-04,AZ-03,MA-09,NY-25,OR-01,CT-01,ME-01,TX-28,DE-00,CT-03,FL-14,CA-46,VA-11,CT-02,TN-05,TX-15,IL-03,MI-09,MN-04,FL-23,MD-02
NY-18,0.19908889974079422,0.43288765286157094,0.23379875312077672,NY-03,CT-05,NH-01,NY-19,NV-04,NY-01,OR-05,AZ-01,NH-02,NY-11,TX-23,OR-04,MA-09,NY-24,NE-02,IA-02,NY-25,ME-02,MN-02,CT-02,NY-23,NJ-05,CO-06,MN-08,CO-07
NY-19,0.19469601947651624,0.41440729964613304,0.2197112801696168,NY-23,NY-02,NY-11,NY-01,NY-24,MN-02,NV-03,NY-18,NY-21,IA-03,ME-02,NH-01,MI-11,IL-12,CO-03,NV-04,CO-06,MI-07,NJ-05,MI-08,MI-06,TX-23,CA-10,IL-13,NJ-03
NY-20,0.26529753108538345,0.3673028314619967,0.10200530037661326,NY-25,CT-03,MA-09,RI-02,NY-26,CT-02,CT-01,OR-01,ME-01,MA-03,MI-09,NJ-06,TX-15,NY-04,MO-05,MD-02,DE-00,IN-07,TN-05,TX-34,KY-03,NY-17,CO-02,MI-05,GA-02
NY-21,0.2131227345920655,0.44486201231393085,0.23173927772186537,NY-11,NY-02,NY-23,NY-01,NY-19,IL-12,NY-27,ME-02,NY-24,MI-06,MI-07,IA-03,CO-03,NJ-03,MI-03,MI-11,IL-13,MI-08,NJ-02,WI-01,MI-01,OH-14,AR-02,WI-07,WI-06
NY-22,0.41135724817365255,0.5612709467137953,0.14991369854014275,KS-03,AK-00,NY-02,NY-23,FL-15,NC-09,NY-19,TX-21,NY-11,FL-13,CA-25,SC-01,CA-08,MI-08,WI-06,CO-03,NY-01,MI-07,GA-01,SC-02,FL-03,CO-05,TX-32,IA-03,MI-11
NY-23,0.16359089216701525,0.3513653369357883,0.18777444476877306,NY-01,NY-02,NY-11,NY-19,IL-12,NY-21,MI-07,CO-03,NY-27,MI-11,IA-03,MI-01,MI-06,ME-02,MI-08,MI-03,MN-02,VA-05,MT-00,WI-06,AR-02,IL-13,NV-03,NC-13,AK-00
NY-24,0.27662235990606393,0.4169852275560851,0.14036286765002115,NY-19,NY-11,CO-06,NV-04,IA-03,NY-02,ME-02,NY-01,FL-26,IA-01,NH-01,NY-21,NY-18,MN-02,CA-10,NY-23,TX-23,NJ-03,NH-02,NV-03,NY-03,MI-11,NJ-02,IL-12,CA-21
NY-25,0.20689175913989422,0.3309645298215505,0.12407277068165629,MA-09,TX-15,MO-05,MD-06,CO-02,CO-07,NY-20,CA-09,CT-04,OR-01,CA-16,FL-09,ME-01,IN-07,DE-00,WA-10,IL-08,IL-11,NY-03,CA-03,FL-22,CT-05,WA-01,MI-09,RI-02
NY-26,0.2943132344968537,0.435805071104043,0.14149183660718928,NY-20,CT-03,MI-12,NY-06,OH-09,NV-01,CT-01,MD-02,MS-02,NJ-09,MD-05,MA-03,TX-28,MA-08,TX-35,MA-04,FL-05,MN-04,OH-13,NJ-12,VT-00,NJ-06,NJ-01,MD-03,RI-02
NY-27,0.27274950045783763,0.4017397540697211,0.1289902536118835,NY-23,IN-02,IN-09,NY-21,MT-00,KS-02,NY-02,NC-07,CO-03,MI-01,MI-07,NY-01,IA-04,MN-06,SC-07,CO-04,OK-05,FL-17,TX-14,IN-08,VA-01,MI-04,NV-02,TX-27,FL-08
OH-01,0.09167900523020532,0.18733413997453857,0.09565513474433325,VA-07,IL-14,VA-05,NJ-11,WA-03,FL-16,OH-14,MI-03,NM-02,WA-05,VA-01,NC-02,NC-13,VA-02,CO-03,CA-48,MI-08,CA-42,MI-06,NJ-07,MO-02,FL-06,NC-08,TX-06,NV-02
OH-02,0.0917563076850851,0.20235928444230084,0.11060297675721574,OH-15,FL-08,MI-02,NJ-04,OH-16,VA-01,IN-05,WI-08,OH-12,WI-01,SC-07,NM-02,OH-14,KS-02,NC-03,CA-22,CA-04,MO-02,NV-02,CO-04,TX-14,FL-19,OH-10,NC-08,CA-42
OH-03,0.11578635498192355,0.2956021989092774,0.17981584392735386,WI-02,MD-05,NJ-12,CO-01,CA-38,NJ-09,IL-05,IL-09,CA-11,NC-01,CA-51,WA-09,TX-35,CA-27,MI-12,NV-01,VA-08,CA-18,NC-04,NC-12,CA-06,OH-09,MD-08,CA-53,FL-05
OH-04,0.11893935429453104,0.24789614761024423,0.1289567933157132,FL-11,SD-00,MO-06,IN-04,MI-10,OH-05,IN-08,NC-03,AL-03,MS-01,FL-17,NC-11,MO-04,MD-01,IN-06,CO-04,MO-03,FL-08,KY-04,TN-03,FL-19,NE-01,WV-01,KS-04,NC-10
OH-05,0.17390178262456085,0.27646330678771824,0.10256152416315739,OH-04,NC-03,NE-01,FL-08,CO-04,OH-02,OR-02,OH-15,MI-02,SD-00,MO-06,FL-11,FL-19,NJ-04,MI-10,OH-12,FL-17,OH-16,MD-01,WI-05,MS-01,WI-08,IN-08,NC-11,MI-04
OH-06,0.19746556661858786,0.3727339667913296,0.17526840017274173,ND-00,IN-08,OH-04,WV-01,IN-06,FL-11,NC-11,MN-06,TN-03,SD-00,TN-04,IN-04,FL-17,AL-03,MS-01,KY-04,MO-04,MO-06,IA-04,OH-05,MO-03,WV-03,FL-02,NC-10,MI-04
OH-07,0.25681637895586024,0.46675423471565847,0.20993785575979823,IL-16,FL-12,VA-06,AR-01,CO-05,SC-02,GA-01,SC-04,MS-03,SC-01,TX-17,VA-09,OH-08,KY-02,NC-09,MI-04,FL-15,AR-04,MI-10,TX-21,CA-08,GA-11,NE-01,CA-23,FL-11
OH-08,0.1371005196926693,0.3775691931619952,0.24046867346932593,KY-02,SC-04,MS-03,TX-26,IL-15,GA-11,CA-23,VA-09,VA-06,KS-01,AR-01,TN-07,TN-02,IL-18,TX-12,TN-06,TN-08,OK-04,MD-01,TX-17,SC-02,FL-01,OH-07,IN-03,CO-05
OH-09,0.14542100948625,0.33869760849465713,0.19327659900840713,MI-12,NJ-09,FL-05,MD-05,MD-02,CT-03,NJ-12,WI-02,CT-01,NC-01,MS-02,NV-01,OH-03,TX-35,NJ-01,OH-13,MD-03,VT-00,NJ-06,TX-28,MN-04,NC-04,NC-12,RI-01,TX-34
OH-10,0.1285772141555416,0.24056701768945807,0.11198980353391647,OH-14,WI-01,OH-15,NM-02,WA-03,OH-12,NJ-04,NV-02,OH-01,OH-02,VA-01,WI-08,NJ-11,NJ-02,IL-14,CA-22,MI-06,MI-03,IN-05,OH-16,VA-02,VA-05,MI-02,MO-02,WA-08
OH-11,0.07538839847748455,0.40905209020368055,0.33366369172619603,FL-20,TX-30,IL-04,TX-09,MI-14,MI-13,GA-05,MO-01,CA-12,NJ-08,WA-07,NJ-10,IL-07,TN-09,CA-14,GA-04,MD-04,IL-02,NY-05,NY-14,MD-07,TX-18,NY-12,WI-04,IL-01
OH-12,0.10406714178836654,0.25497088069032503,0.1509037389019585,CA-22,NJ-04,OH-02,OH-15,IN-05,OH-10,MI-02,WI-01,FL-08,NE-01,NV-02,OR-02,VA-01,NM-02,OH-14,MO-02,CA-50,NC-03,OH-05,WI-05,OH-16,AZ-06,CO-04,WI-08,TX-31
OH-13,0.174921582430528,0.3885157783153729,0.21359419588484488,MI-05,CT-03,NJ-06,OH-09,RI-02,KY-03,MI-09,FL-05,NM-03,GA-02,IN-01,MD-02,TN-05,MI-12,WA-06,CT-01,CT-02,DE-00,TX-34,ME-01,TX-28,MA-03,WA-02,NJ-01,IL-03
OH-14,0.11847413219770801,0.20076827438616882,0.0822941421884608,WI-08,NM-02,OH-10,VA-05,WA-03,OH-01,VA-01,OH-15,WI-01,NV-02,FL-16,MI-03,FL-06,OH-16,NC-08,OH-02,NJ-04,MI-06,CO-03,WI-07,WA-05,IL-14,SC-07,VA-07,MO-02
OH-15,0.0917563076850851,0.2255018846927891,0.133745577007704,OH-02,NJ-04,WI-08,MI-02,OH-14,WI-01,OH-16,OH-10,OH-12,NM-02,FL-08,VA-01,SC-07,NV-02,IN-05,WI-07,WA-03,CA-22,FL-06,WA-05,KS-02,OH-05,MO-02,NC-08,NC-03
OH-16,0.11170895219274062,0.21395167678707258,0.10224272459433197,WI-08,OH-02,SC-07,NC-07,OH-15,WI-01,KY-06,VA-01,WI-07,OH-14,NC-08,FL-16,FL-08,NM-02,FL-06,KS-02,IN-02,MI-03,MI-02,TX-14,NJ-04,IA-04,VA-05,MN-06,NC-05
OK-01,0.1173287262353086,0.5476289962191556,0.430300269983847,GA-03,GA-10,AL-01,GA-08,TX-05,FL-04,TX-03,AZ-08,CA-23,TX-26,OH-08,MS-03,GA-14,GA-11,TN-02,IL-18,TX-12,TX-04,FL-01,SC-04,TX-19,TN-08,OK-04,AL-05,TN-06
OK-02,0.179392363271127,0.3573358784113344,0.1779435151402074,KY-01,MO-07,MS-04,MO-08,AZ-04,SC-03,TX-01,OK-04,MO-03,IN-06,TN-07,FL-01,TN-08,MO-04,KY-04,AL-06,IN-03,WY-00,WV-01,ID-01,MS-01,TN-03,AL-05,TN-02,TN-04
OK-03,0.16727773312667774,0.4184801518590816,0.2512024187324039,TX-01,AL-06,TN-01,TX-36,NE-03,MO-08,TN-06,KY-05,KY-01,GA-09,TN-02,TN-07,AZ-04,OK-02,FL-01,TX-19,OK-04,TX-04,MO-07,MS-04,KS-01,WY-00,IL-15,TN-08,TX-08
OK-04,0.06386798885200634,0.2588392358202286,0.19497124696822227,TN-08,AZ-04,TN-07,FL-01,SC-03,TX-12,MS-04,MO-03,IN-03,TN-02,KY-04,MO-04,AL-05,KY-01,MO-07,MS-01,ID-01,IN-06,MO-06,MD-01,TN-03,IL-18,TX-01,IN-04,OK-02
OK-05,0.07736911528510586,0.19018877464245873,0.11281965935735287,TX-06,TX-25,TX-10,TX-31,MO-02,CA-04,VA-01,CA-42,AZ-06,IN-05,CA-01,FL-03,NC-05,NC-06,WA-05,KS-02,TX-24,TX-14,GA-07,KY-06,MI-02,NC-02,VA-07,WI-06,SC-07
OR-01,0.14128619890137892,0.23589993641372609,0.09461373751234717,WA-02,TN-05,TX-34,CO-02,NM-03,MA-03,ME-01,FL-23,CT-01,KY-03,TX-15,IN-07,MD-02,NJ-06,MN-04,IL-11,NM-01,WA-06,MD-03,IL-08,CT-04,DE-00,CA-41,GA-02,MO-05
OR-02,0.1070176153724236,0.30593652936516114,0.19891891399273753,NE-01,WI-05,IL-18,MD-01,NC-03,OH-05,OH-12,MO-06,CO-04,CA-22,FL-19,CA-50,NJ-04,MI-02,FL-08,MI-10,OH-02,AZ-05,OH-15,FL-11,MS-01,OH-04,KS-04,IN-05,IN-03
OR-03,0.14225236597329408,0.3482415765312925,0.20598921055799843,CA-28,CA-05,TX-33,WI-04,CA-20,GA-04,CA-19,NY-10,CA-15,SC-06,NJ-08,MD-07,MN-05,TX-18,AZ-07,CA-06,TX-30,CA-14,MO-01,CA-02,TX-09,MD-04,NY-14,HI-02,TN-09
OR-04,0.14179192501690635,0.3217946860965855,0.18000276107967916,OR-05,CT-02,MI-09,CT-05,NH-02,IL-17,IA-02,CO-07,WA-10,CA-36,WA-06,FL-09,DE-00,AZ-01,NY-03,MA-09,CA-03,GA-02,RI-02,FL-22,AZ-09,WA-01,NV-04,KY-03,MI-05
OR-05,0.14179192501690635,0.29951130195703807,0.15771937694013172,OR-04,CT-05,NH-02,AZ-01,NY-03,CA-36,NV-04,CA-07,CO-07,IA-02,CA-03,FL-09,WA-01,WA-10,AZ-09,TX-23,IL-17,MI-09,NE-02,MD-06,NH-01,FL-22,CT-02,MA-09,WA-06
RI-01,0.1567763693928393,0.3133111392848969,0.1565347698920576,CA-41,IN-07,NV-01,MD-02,CA-47,TX-34,NJ-01,WA-02,CA-53,CT-01,MD-08,TX-35,NJ-06,MD-03,NJ-12,MN-04,CA-27,FL-23,MI-12,FL-05,MD-05,CO-02,IL-11,OR-01,IL-08
RI-02,0.16320738341141305,0.2943887226100892,0.13118133919867614,MI-09,MI-05,CT-02,NJ-06,GA-02,WA-06,DE-00,NM-03,CT-03,MA-09,KY-03,MO-05,ME-01,TX-15,CO-07,TN-05,IL-17,TX-34,NM-01,WA-10,NY-20,CO-02,WA-02,FL-22,OH-13
SC-01,0.0884844089373941,0.39386346698443625,0.30537905804704213,SC-02,TX-17,TX-21,GA-01,VA-06,FL-15,FL-12,CO-05,CA-08,MS-03,NC-09,SC-04,IL-16,TX-32,CA-23,KS-03,OH-07,GA-11,FL-03,CA-50,AZ-06,TX-31,TX-26,AR-01,AR-04
SC-02,0.0884844089373941,0.3983076072585107,0.3098231983211166,SC-01,TX-17,GA-01,VA-06,TX-21,SC-04,MS-03,CO-05,FL-12,IL-16,FL-15,CA-08,NC-09,OH-07,GA-11,CA-23,AR-01,TX-26,AR-04,TX-32,OH-08,FL-03,CA-50,WI-05,NE-01
SC-03,0.10499804760089591,0.23874390044564503,0.1337458528447491,KY-04,AZ-04,OK-04,TN-08,MO-03,TN-07,IN-03,MO-04,MS-01,IN-06,TX-12,FL-01,AL-05,KY-01,MS-04,MO-06,WV-01,TN-03,TN-02,ID-01,AL-03,MO-07,IN-04,MD-01,IL-18
SC-04,0.12243271621588735,0.3625877695469057,0.24015505333101833,MS-03,VA-06,TX-26,GA-11,CA-23,OH-08,TX-17,SC-02,CO-05,AR-01,KY-02,SC-01,VA-09,FL-12,MD-01,GA-01,IL-16,IL-18,OH-07,TX-12,TX-21,WI-05,CA-08,AR-04,MO-06
SC-05,0.3937551142525008,0.48864500406736994,0.09488988981486912,NV-02,NY-27,IN-05,CO-04,FL-03,OH-12,NJ-04,MO-02,TX-31,VA-01,MI-02,OH-14,CA-22,NC-08,CA-50,IN-09,CA-42,FL-08,TX-27,OH-02,OH-05,WI-08,FL-19,OH-15,VA-05
SC-06,0.20515940753472645,0.3796576352452298,0.17449822771050333,CA-20,TX-33,CA-05,VA-03,NC-01,NC-12,TX-16,MS-02,VT-00,OR-03,CA-28,WI-04,CA-15,NJ-09,GA-04,CA-06,HI-02,NC-04,NY-06,OH-03,WA-09,CO-01,CA-30,OH-09,WI-02
SC-07,0.11069751578061719,0.1738440968224114,0.0631465810417942,KS-02,WI-07,KY-06,NC-05,WI-06,NC-07,IN-02,NC-06,OH-16,FL-06,VA-01,WI-08,NC-10,CA-01,OH-02,NC-08,FL-08,IA-04,TX-14,FL-16,CA-04,MT-00,MI-02,WA-05,TX-06
SD-00,0.10379306335203721,0.2376370341508243,0.13384397079878707,NC-11,FL-17,OH-04,IN-08,FL-11,TX-27,NC-10,CO-04,NC-03,IN-04,FL-19,FL-08,AL-03,IA-04,TX-14,KS-04,MN-06,IN-09,MO-06,IN-02,MI-10,MS-01,OH-05,CA-01,TN-03
TN-01,0.18182890996758472,0.5337216321501312,0.3518927221825465,KY-05,GA-09,NE-03,TX-36,OK-03,TN-06,TX-19,TX-04,TX-11,TX-01,MO-08,TX-08,AL-04,GA-14,IL-15,AL-06,KS-01,TX-13,TN-02,KY-01,TN-07,AZ-04,WY-00,FL-01,OK-02
TN-02,0.13219500747002516,0.32821387177418326,0.1960188643041581,TN-07,OK-04,TX-12,TN-08,AZ-04,FL-01,SC-03,TX-01,IN-03,IL-18,KY-01,MS-04,AL-06,MO-03,KY-04,AL-05,MO-07,MO-04,TN-06,OH-08,MO-08,MD-01,MO-06,MS-01,TX-26
TN-03,0.10329322339824622,0.24346597298185219,0.14017274958360598,IN-04,AL-03,KY-04,WV-01,MS-01,MO-06,MO-04,IN-06,ID-01,MO-03,FL-11,IN-03,KS-04,IN-08,TN-04,SC-03,MD-01,NC-11,ND-00,OH-04,AL-05,MO-07,TN-08,SD-00,OK-04
TN-04,0.17746436261965384,0.3318821628228911,0.15441780020323728,WV-01,TN-03,ID-01,AL-03,IN-08,IN-04,KY-04,MO-07,NC-11,IN-06,MO-03,MO-04,MS-01,FL-02,FL-11,ND-00,SD-00,WV-03,OH-06,MS-04,MO-06,SC-03,AL-05,KS-04,FL-17
TN-05,0.06377076132523427,0.25605509172832314,0.19228433040308887,KY-03,OR-01,NM-03,WA-06,TX-34,MA-03,GA-02,WA-02,NJ-06,MI-09,DE-00,TX-15,NM-01,ME-01,CO-02,FL-22,FL-09,FL-23,CT-03,CT-01,MD-02,MO-05,CT-04,IL-11,IL-08
TN-06,0.16966835297131883,0.40069361814857996,0.23102526517726113,TX-36,NE-03,KS-01,IL-15,TN-01,MO-08,OK-03,TX-01,TN-07,TN-02,KY-02,KY-01,OH-08,WY-00,AL-06,KY-05,AZ-04,FL-01,VA-09,OK-04,MS-04,MO-07,TN-08,GA-09,TX-26
TN-07,0.09870466047760865,0.27143931181757747,0.17273465133996882,OK-04,TN-08,AZ-04,SC-03,TN-02,IN-03,TX-12,FL-01,KY-01,MS-04,MO-03,KY-04,MO-07,MO-04,IN-06,TX-01,MO-08,MS-01,MO-06,ID-01,IL-18,AL-05,OK-02,TN-03,MD-01
TN-08,0.06386798885200634,0.2735706672872659,0.20970267843525958,OK-04,TX-12,TN-07,AZ-04,SC-03,MS-04,IN-03,FL-01,MO-03,TN-02,MO-04,KY-04,AL-05,MS-01,MO-06,MD-01,MO-07,IN-06,KY-01,IL-18,TN-03,IN-04,AL-03,ID-01,TX-01
TN-09,0.10953236964477667,0.36795896510344744,0.25842659545867075,NJ-08,MO-01,CA-14,MD-04,MD-07,TX-18,IL-02,MI-14,IL-01,MN-05,MI-13,TX-30,TX-09,NY-12,FL-20,CA-02,OH-11,GA-04,WI-04,CA-28,CA-06,OR-03,WA-07,CA-51,TX-33
TX-01,0.0941533854940969,0.3863711953872856,0.2922178098931887,AL-06,OK-03,KY-01,AZ-04,FL-01,TN-07,TN-02,MO-08,OK-04,MS-04,OK-02,TN-08,MO-07,SC-03,TN-06,TX-36,WY-00,TX-12,NE-03,MO-03,IN-03,TN-01,KY-04,AL-05,KS-01
TX-02,0.09475410281354572,0.27811718753072423,0.1833630847171785,TX-22,TX-31,CA-50,AZ-06,GA-07,TX-24,GA-06,TX-10,IN-05,MO-02,AZ-05,TX-25,CA-42,OK-05,TX-06,FL-03,CA-22,WI-05,FL-19,CA-04,MI-02,TX-07,VA-01,TX-27,NJ-04
TX-03,0.19375426446919827,0.5710869854934535,0.3773327210242552,AZ-08,TX-05,GA-10,OK-01,FL-04,AL-01,GA-08,GA-03,FL-25,CA-23,MS-03,TX-26,TX-17,GA-11,SC-04,SC-01,SC-02,OH-08,CA-50,IL-18,TX-02,VA-06,TX-21,OR-02,TX-12
TX-04,0.10176996118698294,0.5617389184487754,0.4599689572617925,GA-14,TX-19,AL-04,TX-08,TX-11,TN-01,KY-05,TX-13,NE-03,OK-03,GA-09,TN-06,TX-36,GA-03,TX-01,AL-06,FL-04,OK-01,KS-01,MO-08,TN-02,AL-01,TX-05,GA-08,WY-00
TX-05,0.15038376740858694,0.5302911888764512,0.37990742146786427,FL-04,OK-01,AZ-08,GA-10,AL-01,GA-08,GA-03,TX-03,CA-23,MS-03,TX-26,OH-08,SC-04,GA-11,TN-02,IL-18,TX-12,FL-01,TN-08,OK-04,KY-02,AL-05,TX-17,MS-04,VA-06
TX-06,0.07736911528510586,0.1738440968224114,0.09647498153730553,OK-05,MO-02,TX-10,TX-25,CA-42,VA-01,NC-05,NC-06,CA-04,TX-31,AZ-06,NC-02,IN-05,CA-01,GA-07,FL-03,WA-05,VA-07,KY-06,NC-08,FL-16,TX-14,TX-24,VA-05,SC-07
TX-07,0.1499538595702025,0.29658395101555995,0.14663009144535746,TX-24,CA-48,GA-06,GA-07,CA-45,TX-10,TX-22,IL-14,VA-07,MO-02,IL-06,AZ-06,NJ-07,CA-42,NJ-11,TX-06,NC-02,TX-31,OH-01,TX-02,OK-05,TX-25,CA-49,CA-39,IN-05
TX-08,0.14066815560033474,0.6260799529612812,0.4854117973609464,TX-19,TX-11,GA-14,TX-04,AL-04,TX-13,TN-01,KY-05,OK-03,GA-09,TX-36,NE-03,TN-06,GA-03,TX-01,AL-06,FL-04,AR-03,OK-01,TN-02,AL-01,GA-08,KS-01,TX-05,MO-08
TX-09,0.06916831373540923,0.37076343620292446,0.30159512246751524,TX-30,FL-20,OH-11,MI-14,IL-04,MO-01,NJ-08,GA-04,CA-14,MI-13,TN-09,WA-07,GA-05,CA-28,MD-04,MD-07,WI-04,TX-18,OR-03,IL-02,TX-33,NY-12,NY-14,CA-12,IL-01
TX-10,0.07760811813206143,0.21743608256220948,0.13982796443014806,TX-24,MO-02,TX-31,TX-06,GA-07,AZ-06,OK-05,TX-25,CA-42,TX-22,IN-05,VA-01,FL-03,GA-06,CA-04,TX-02,VA-07,NC-02,IL-14,NC-06,TX-07,NC-05,WA-05,CA-01,OH-01
TX-11,0.16759330983067317,0.7076864718927443,0.540093162062071,TX-13,TX-08,AL-04,TX-04,TX-19,GA-14,KY-05,TN-01,GA-09,OK-03,NE-03,TX-36,TN-06,TX-01,AL-06,MO-08,GA-03,KS-01,TN-02,AR-03,FL-04,KY-01,IL-15,WY-00,FL-01
TX-12,0.10594677909214611,0.28745789256863336,0.18151111347648724,TN-08,OK-04,TN-07,TN-02,AZ-04,FL-01,SC-03,IN-03,AL-05,IL-18,MD-01,KY-04,MS-04,MO-03,MO-06,MS-01,MO-04,AL-03,WI-05,TN-03,IN-04,ID-01,AZ-05,KS-04,MO-07
TX-13,0.16759330983067317,0.8278716657791835,0.6602783559485104,TX-11,TX-08,AL-04,TX-19,TX-04,GA-09,GA-14,KY-05,TN-01,OK-03,NE-03,TX-36,TN-06,TX-01,AL-06,AR-03,MO-08,TN-02,KS-01,GA-03,IL-15,KY-01,FL-04,TN-07,WY-00
TX-14,0.10299058209370412,0.19648641174391662,0.0934958296502125,TX-27,NC-10,CA-01,NC-07,IN-02,NC-05,TX-25,KY-06,CA-04,TX-06,FL-17,SC-07,FL-08,NC-11,OK-05,FL-19,VA-01,NC-08,KS-02,IN-09,MT-00,NC-06,MN-06,CA-42,OH-02
TX-15,0.09355410199451422,0.2105293803724315,0.11697527837791727,MO-05,FL-09,MD-06,CO-02,GA-02,FL-22,CT-04,IL-11,CA-09,WA-10,IL-08,CO-07,CA-16,DE-00,CA-03,TX-34,OR-01,MA-09,NJ-06,MI-09,TN-05,WA-01,IN-07,CA-26,WA-06
TX-16,0.22846078574888948,0.3585498370171153,0.1300890512682258,MS-02,CA-30,CA-33,CA-15,SC-06,VA-11,CA-20,NC-01,NC-12,NC-04,TX-33,NY-06,CA-05,NJ-09,OH-03,MD-05,VT-00,IL-05,CO-01,MA-08,MA-04,CA-32,NJ-12,TX-28,WA-09
TX-17,0.10141410466498238,0.36762932503406204,0.26621522036907963,SC-02,SC-01,TX-21,VA-06,SC-04,MS-03,GA-01,CO-05,CA-08,CA-23,GA-11,FL-12,TX-26,AR-01,AR-04,IL-16,FL-15,NC-09,CA-50,TX-32,AZ-05,WI-05,OH-07,OH-08,FL-03
TX-18,0.06465825546672291,0.3214517732102283,0.25679351774350534,MD-07,MD-04,IL-01,MN-05,TN-09,MO-01,NJ-08,CA-14,IL-02,MI-14,WI-04,CA-51,CA-06,CA-02,CA-18,GA-04,WA-09,TX-33,NY-12,OR-03,CA-28,CA-11,CO-01,TX-30,CA-20
TX-19,0.14066815560033474,0.5608347043692999,0.4201665487689652,TX-08,TX-04,GA-14,TX-11,AL-04,TN-01,TX-13,OK-03,KY-05,TN-06,GA-09,TX-36,NE-03,GA-03,TX-01,FL-04,AR-03,AL-06,TN-02,OK-01,MO-08,AL-01,GA-08,TX-05,KS-01
TX-20,0.18509188258808104,0.5807991714009241,0.395707288812843,FL-21,MA-08,MA-05,VA-03,VT-00,TX-28,TX-29,CA-35,FL-14,MS-02,GA-13,IL-03,NC-04,IN-01,NY-26,NC-12,MA-04,NY-06,NC-01,SC-06,TX-16,AZ-07,FL-05,MI-12,AL-07
TX-21,0.1502474812600863,0.38998426891350374,0.23973678765341744,SC-01,TX-17,SC-02,CA-08,TX-32,GA-01,NC-09,CO-05,KS-03,FL-15,VA-06,SC-04,TX-22,MS-03,AZ-06,TX-31,TX-02,FL-03,TX-10,FL-12,TX-24,AK-00,AR-04,OK-05,TX-25
TX-22,0.09475410281354572,0.28378823090466593,0.1890341280911202,TX-02,GA-07,TX-24,AZ-06,TX-10,GA-06,TX-31,MO-02,CA-50,CA-42,TX-25,TX-07,IN-05,TX-06,FL-03,OK-05,CA-04,AZ-05,VA-01,IL-14,VA-07,CA-48,CA-22,TX-27,FL-19
TX-23,0.1411390094906436,0.3174198481506788,0.17628083866003522,NE-02,NH-01,AZ-01,CA-10,AZ-02,CA-07,NJ-05,CO-06,NV-04,MN-02,NH-02,MI-11,CT-05,IA-03,OR-05,VA-10,NV-03,CA-49,NJ-07,IA-01,IA-02,NY-03,NC-13,IL-13,FL-26
TX-24,0.07760811813206143,0.25402444764234794,0.17641632951028652,TX-10,GA-07,TX-22,TX-31,MO-02,GA-06,AZ-06,TX-02,TX-07,CA-42,TX-06,OK-05,TX-25,IN-05,FL-03,IL-14,VA-07,VA-01,CA-48,CA-50,CA-04,NC-02,NV-02,OH-01,CA-45
TX-25,0.08019295480277555,0.20436232529505036,0.1241693704922748,OK-05,TX-06,TX-31,TX-10,CA-04,AZ-06,MO-02,TX-14,CA-01,CA-42,NC-05,IN-05,TX-27,VA-01,FL-03,GA-07,NC-06,TX-24,KS-02,KY-06,TX-22,MI-02,NC-10,WA-05,MT-00
TX-26,0.1168662510094339,0.39178682022242667,0.2749205692129928,GA-11,SC-04,CA-23,OH-08,MS-03,KY-02,VA-06,TX-12,TX-17,KS-01,VA-09,TN-02,AR-01,SC-02,CO-05,TN-08,OK-04,IL-18,TN-07,FL-01,MD-01,AZ-04,AZ-05,IL-15,SC-01
TX-27,0.10299058209370412,0.22086416640098044,0.11787358430727632,TX-14,NC-10,FL-19,NC-11,FL-17,SD-00,FL-08,TX-25,CO-04,CA-01,NC-03,IN-09,NC-05,IN-02,CA-04,TX-31,AZ-05,KS-04,MI-02,TX-06,OK-05,FL-03,FL-11,IN-08,SC-07
TX-28,0.1765321518166024,0.41242932727923226,0.23589717546262987,IN-01,IL-03,FL-14,MA-08,MA-04,MS-02,VT-00,CT-03,FL-05,OH-09,OH-13,TX-16,MI-12,CT-01,MD-02,AZ-03,NY-26,MA-03,VA-03,NJ-09,MD-05,TN-05,MD-03,VA-11,NY-06
TX-29,0.14563183889520856,0.5123236989443296,0.366691860049121,GA-13,MA-05,AZ-07,AL-07,OR-03,NY-16,VA-03,CA-28,CA-05,TX-33,CA-20,SC-06,HI-02,TX-20,CA-35,NC-12,GA-04,CA-17,WI-04,NY-10,NC-04,NC-01,CA-06,CA-02,CA-15
TX-30,0.06916831373540923,0.3533931106077198,0.28422479687231056,TX-09,FL-20,OH-11,MI-14,IL-04,MO-01,MI-13,NJ-08,WA-07,GA-04,TN-09,CA-14,GA-05,NY-14,MD-04,WI-04,MD-07,CA-28,IL-02,TX-18,OR-03,NY-12,TX-33,CA-12,NY-10
TX-31,0.08439063929133375,0.21182407795149247,0.12743343866015872,TX-10,MO-02,AZ-06,TX-25,IN-05,OK-05,TX-06,TX-24,GA-07,TX-02,CA-42,TX-22,FL-03,VA-01,CA-04,CA-50,MI-02,TX-14,GA-06,TX-27,FL-08,NV-02,CA-01,FL-19,NC-05
TX-32,0.22656986229417178,0.452343906778902,0.22577404448473024,KS-03,TX-21,SC-01,NC-09,FL-15,GA-01,CA-08,SC-02,TX-17,CA-25,GA-06,AZ-06,IL-16,FL-12,TX-22,TX-07,CA-48,TX-10,CO-05,GA-07,TX-24,NJ-11,MO-02,OH-01,TX-02
TX-33,0.11586553629099551,0.3411764939148066,0.2253109576238111,CA-20,GA-04,CA-05,WI-04,CA-28,OR-03,SC-06,CA-15,CA-19,CA-06,MD-07,TX-18,MN-05,TX-16,MD-04,WA-09,CA-51,NC-12,CA-02,NJ-08,CA-14,TX-09,NC-01,NY-10,IL-01
TX-34,0.10070431966901923,0.21916838275627246,0.11846406308725323,WA-02,NJ-06,IN-07,MD-02,OR-01,FL-23,CT-01,TN-05,CA-41,NJ-01,GA-02,CO-02,MD-03,NM-03,TX-15,IL-11,MA-03,KY-03,FL-05,IL-08,RI-01,MO-05,CA-47,CT-03,WA-06
TX-35,0.11335091530287704,0.2557016816526635,0.14235076634978644,MD-08,NJ-12,MN-04,MD-05,MD-03,NV-01,CA-27,MD-02,MI-12,CA-53,FL-05,WI-02,CT-01,IL-09,CA-38,NJ-01,CA-41,OH-03,RI-01,NJ-09,FL-23,IL-05,CA-47,TX-34,WA-02
TX-36,0.16966835297131883,0.43397867459127526,0.26431032161995643,TN-06,NE-03,KS-01,TN-01,OK-03,IL-15,GA-09,KY-05,TX-01,AL-06,TN-02,MO-08,TN-07,KY-02,KY-01,AZ-04,FL-01,OH-08,OK-04,VA-09,TX-19,TX-26,TX-04,WY-00,TN-08
UT-01,0.20287636629238015,0.5940419345467121,0.3911655682543319,UT-03,UT-02,ID-02,TX-12,ID-01,FL-01,OK-04,WY-00,TN-02,AZ-04,TX-26,AL-06,TN-08,MO-07,MS-04,TN-07,KS-01,GA-11,AZ-05,KY-04,KS-04,SC-03,IN-03,TX-01,TN-03
UT-02,0.2564391155810674,0.4432676843623953,0.18682856878132786,ID-02,AZ-05,TX-02,TX-31,TX-25,CA-50,KS-04,AZ-06,TX-22,CO-04,OK-05,UT-04,WI-05,CA-04,TX-10,UT-01,TX-24,GA-07,IN-05,GA-06,FL-19,TX-27,MO-02,TX-14,TX-06
UT-03,0.20287636629238015,0.6474175237047574,0.4445411574123772,UT-01,UT-02,TN-02,TX-12,AL-06,FL-01,OK-04,TX-26,AZ-04,ID-02,ID-01,TN-08,TN-07,GA-11,TX-01,WY-00,KS-01,IL-18,SC-03,OK-03,AZ-05,MS-04,TX-36,MO-07,AL-05
UT-04,0.39564923859398493,0.5820245957002161,0.1863753571062312,UT-02,OK-05,TX-25,ID-02,CA-04,MT-00,AR-02,WA-04,CA-01,TX-10,AK-00,TX-24,KY-06,TX-07,TX-06,GA-07,NC-02,TX-31,AZ-06,GA-06,WA-05,VA-07,TX-14,TX-22,MO-02
VA-01,0.09444628102789433,0.15637202435218397,0.06192574332428964,MO-02,TX-06,CA-42,IN-05,NC-08,FL-16,VA-05,OK-05,NM-02,OH-02,MI-03,WA-05,NV-02,OH-14,KY-06,SC-07,MI-02,NC-05,VA-07,OH-01,CA-04,FL-06,TX-10,WI-08,NC-06
VA-02,0.09653242978398496,0.2277328478722382,0.13120041808825322,IL-13,MI-06,WA-03,MI-03,NJ-03,NJ-11,MI-08,OH-01,MI-11,FL-16,WA-08,VA-05,VA-07,NJ-02,NC-13,IA-03,NJ-07,IL-14,NM-02,OH-14,CO-03,WI-01,AR-02,NC-02,CA-48
VA-03,0.2299847508531815,0.4388095208914683,0.20882477003828678,SC-06,VT-00,NC-12,NC-01,MS-02,CA-20,NC-04,GA-13,TX-16,MA-08,CA-05,NJ-09,TX-33,TX-28,TX-29,HI-02,OH-09,AL-07,TX-20,FL-21,MA-05,OR-03,CA-28,FL-14,CA-15
VA-04,0.2074277464564469,0.45781203566529366,0.25038428920884676,FL-10,IL-10,CA-16,CA-09,CA-26,CA-52,CA-24,IL-11,MD-06,CA-03,IL-08,CT-04,CA-21,WA-01,FL-07,MO-05,CO-07,CA-07,NV-04,WA-10,CO-02,FL-22,TX-15,CA-47,NY-25
VA-05,0.07297026791783073,0.176644643281363,0.10367437536353227,FL-16,OH-01,VA-07,CO-03,FL-06,NC-08,MI-03,VA-01,NC-13,NC-02,OH-14,WA-05,IL-14,WA-03,NC-06,CA-42,NM-02,MI-06,NC-05,TX-06,KY-06,WI-08,WI-06,MI-08,MO-02
VA-06,0.12354226250558968,0.355280537040801,0.23173827453521129,SC-04,MS-03,TX-17,CO-05,SC-02,CA-23,AR-01,FL-12,SC-01,GA-01,CA-08,IL-16,OH-08,OH-07,GA-11,TX-26,TX-21,KY-02,VA-09,MD-01,AR-04,NE-01,WI-05,IL-18,MI-10
VA-07,0.09167900523020532,0.18760450421032,0.09592549898011467,OH-01,IL-14,VA-05,NC-02,FL-16,NJ-11,NC-13,MI-03,WA-05,CA-42,CA-48,CO-03,TX-06,VA-01,MO-02,NJ-07,NC-06,MI-11,WA-03,NC-08,MI-08,TX-10,NM-02,VA-02,FL-06
VA-08,0.10634495756734312,0.3693771649682747,0.2630322074009316,IL-05,CA-18,CA-11,CO-01,CA-51,WA-09,IL-09,OH-03,CA-06,CA-38,WI-02,MN-05,CA-02,NC-04,CA-27,NC-01,TX-18,MD-05,TX-35,MD-07,NJ-12,NC-12,CA-15,NJ-09,CA-30
VA-09,0.18077727318443532,0.3965880261682139,0.2158107529837786,AR-01,KY-02,OH-08,IL-15,SC-04,KS-01,VA-06,TX-26,CO-05,TN-07,MS-03,TN-06,ID-01,GA-11,OH-07,MO-07,AZ-04,TN-03,OK-04,AR-04,MO-03,WV-01,KY-04,TN-08,IN-04
VA-10,0.12434524518452647,0.3256553853385508,0.20131014015402435,CA-49,MN-03,CA-10,NJ-07,FL-07,CO-06,CA-21,MN-02,NJ-05,WA-08,CA-39,NV-03,AZ-02,TX-23,CA-45,IL-06,NJ-11,CA-07,CA-48,IA-03,MI-11,MI-08,VA-02,NE-02,VA-07
VA-11,0.17893750480265455,0.4324659292938578,0.2535284244912033,AZ-03,CA-32,CA-33,TX-16,CA-46,MS-02,MD-03,MD-08,MN-04,NJ-12,FL-05,MA-04,TX-35,NJ-01,CT-01,TX-28,VT-00,FL-14,MD-05,NC-12,CA-30,IL-09,OH-03,MD-02,FL-23
VT-00,0.2406824892363382,0.41842040162974853,0.17773791239341033,VA-03,MS-02,SC-06,TX-28,MA-08,OH-09,TX-16,NJ-09,NC-12,NC-01,IN-01,NY-06,MI-12,FL-14,NC-04,FL-05,CA-20,MD-05,MA-04,HI-02,VA-11,WI-02,CA-05,CA-15,NY-26
WA-01,0.10382177035670308,0.26256267823131296,0.15874090787460987,CA-24,CA-03,CO-07,CA-09,WA-10,IL-08,CA-52,FL-22,MD-06,FL-09,CA-26,AZ-09,CA-07,CA-16,TX-15,CT-04,CO-02,IL-11,MO-05,CA-36,OR-05,CT-05,WA-06,NH-02,DE-00
WA-02,0.10070431966901923,0.23001241270853193,0.12930809303951268,TX-34,NM-03,OR-01,CA-41,NJ-06,NM-01,IN-07,CO-02,MA-03,TN-05,MD-02,IL-11,MD-03,CA-47,KY-03,CT-01,WA-06,FL-23,IL-08,TX-15,RI-01,GA-02,NJ-01,CA-53,MN-04
WA-03,0.11440052447432217,0.20430893274646608,0.08990840827214391,NM-02,OH-01,MI-06,VA-02,OH-14,MI-03,VA-05,NJ-11,WA-05,MI-08,OH-10,IL-14,VA-07,FL-16,NJ-02,IL-13,WA-08,WI-01,CO-03,VA-01,WI-08,FL-06,NJ-03,OH-15,NC-13
WA-04,0.24208936366556885,0.3375775022124549,0.09548813854688606,WV-02,MT-00,CA-01,NC-06,AK-00,CA-04,NC-05,TX-25,WI-06,NC-10,AR-02,OK-05,KS-02,MI-01,WA-05,TX-06,SC-07,TX-14,MI-04,NC-02,TX-27,IN-02,KY-06,IN-09,FL-17
WA-05,0.12070998301714737,0.18021542664267112,0.05950544362552375,NC-06,WI-06,NM-02,VA-05,VA-01,VA-07,CA-42,TX-06,FL-06,CA-04,NC-05,MI-03,CO-03,OH-01,FL-16,CA-01,NC-02,WA-03,OK-05,MO-02,KY-06,SC-07,NC-08,AR-02,NC-13
WA-06,0.10913038073790447,0.24533939756997855,0.1362090168320741,NM-03,KY-03,MI-09,TN-05,GA-02,NM-01,DE-00,FL-22,WA-10,WA-02,NJ-06,CO-07,TX-15,ME-01,OR-01,FL-09,RI-02,CO-02,TX-34,MO-05,CA-03,IL-08,AZ-09,MI-05,WA-01
WA-07,0.2636989239644333,0.41088890530166433,0.14718998133723105,CA-37,TX-30,FL-20,CA-43,TX-09,IL-02,IL-04,MI-14,NY-12,CA-12,OH-11,MO-01,MI-13,GA-05,TN-09,CA-14,NY-14,NJ-08,IL-07,MD-04,NY-10,NY-09,TX-18,MD-07,NJ-10
WA-08,0.13468377779079418,0.2678934862963264,0.13320970850553224,MN-03,NJ-11,VA-02,IL-06,NJ-02,CA-39,WA-03,NJ-07,CA-48,OH-01,CA-45,IL-14,IL-13,MI-06,MI-08,OH-10,VA-07,VA-10,IA-03,NJ-03,NM-02,MI-11,OH-14,MI-03,VA-05
WA-09,0.05770892478637943,0.3185372348721574,0.260828310085778,CA-51,CA-11,CA-06,CA-18,CO-01,CA-02,IL-05,VA-08,WI-02,NC-01,NC-04,IL-09,OH-03,NC-12,MN-05,NJ-09,TX-18,MD-07,CA-38,MD-05,CA-20,CA-15,IL-01,CA-05,TX-33
WA-10,0.08464963083203614,0.22371852851295082,0.13906889768091468,CO-07,CA-03,MO-05,FL-09,MD-06,WA-01,CA-09,TX-15,FL-22,GA-02,WA-06,IL-08,CO-02,DE-00,CA-16,NM-03,IL-11,MI-09,NM-01,CA-24,AZ-09,IL-17,CA-26,CA-36,CT-04
WI-01,0.13057158955913803,0.24268671162632685,0.11211512206718882,OH-10,OH-15,OH-16,OH-14,OH-02,NM-02,WI-08,WA-03,VA-01,MI-03,MI-06,NJ-04,OH-12,FL-16,SC-07,VA-02,MI-02,KS-02,OH-01,IN-05,WI-07,VA-05,NV-02,KY-06,FL-08
WI-02,0.11578635498192355,0.2853298091682677,0.16954345418634417,OH-03,MD-05,NJ-09,NC-01,IL-09,CO-01,NJ-12,IL-05,NC-04,TX-35,MI-12,WA-09,CA-11,CA-38,CA-51,NC-12,CA-27,CA-06,OH-09,NV-01,FL-05,CA-18,VA-08,MD-08,CA-53
WI-03,0.3716262647136233,0.5512800581374226,0.17965379342379934,IN-01,IL-03,CT-02,FL-14,MI-05,MI-09,OR-04,DE-00,NY-04,MA-06,OH-13,TX-28,GA-02,KY-03,NY-17,ME-01,FL-09,TN-05,CT-03,RI-02,MA-09,IA-02,WA-06,OR-05,NM-03
WI-04,0.13578418768398628,0.3561878024652165,0.2204036147812302,TX-33,CA-20,GA-04,OR-03,CA-28,CA-05,CA-19,TX-18,MD-07,MD-04,MN-05,CA-15,NY-10,SC-06,IL-01,MO-01,NJ-08,TX-30,CA-43,TX-09,CA-06,CA-14,TN-09,CA-51,MI-14
WI-05,0.11497886762357681,0.25064580586955765,0.13566693824598083,NE-01,NC-03,FL-19,AZ-05,MD-01,OR-02,CA-50,CO-04,KS-04,MO-06,FL-08,IL-18,MI-02,FL-11,MS-01,AL-03,CA-22,IN-04,IN-05,TX-02,NJ-04,OH-12,TX-27,OH-02,TX-31
WI-06,0.1239809259523416,0.1962543502702551,0.07227342431791349,NC-06,WA-05,SC-07,MI-07,FL-06,WI-07,KS-02,AR-02,NC-05,CO-03,MT-00,MI-03,VA-05,VA-01,MI-04,MI-08,CA-01,MI-06,OK-05,TX-06,NC-13,FL-16,KY-06,NC-02,CA-04
WI-07,0.11483784219498375,0.2065994675694978,0.09176162537451404,WI-08,FL-06,SC-07,IA-04,WI-06,MI-07,OH-16,NC-07,KY-06,VA-05,OH-14,IN-02,NC-08,FL-16,NC-05,WA-05,KS-02,NC-06,MI-03,MI-04,MT-00,OH-15,VA-01,CA-01,CO-03
WI-08,0.11170895219274062,0.20343773003059182,0.0917287778378512,OH-16,WI-07,OH-14,FL-06,OH-15,OH-02,NC-08,SC-07,VA-01,NM-02,VA-05,FL-16,WI-01,NJ-04,IA-04,NC-07,NV-02,WA-05,KY-06,MI-02,MI-03,WA-03,FL-08,WI-06,NC-05
WV-01,0.12647513589634918,0.2688194189414151,0.1423442830450659,TN-03,KY-04,IN-06,ID-01,IN-04,AL-03,MO-03,TN-04,MO-04,MS-01,SC-03,FL-11,MO-06,MO-07,IN-08,IN-03,OH-04,ND-00,AZ-04,OH-06,NC-11,AL-05,MS-04,OK-04,SD-00
WV-02,0.24208936366556885,0.41414064036266723,0.17205127669709838,WA-04,NC-11,NC-10,MI-04,TN-04,IN-08,FL-17,MT-00,IN-09,AR-04,TX-27,AR-01,FL-02,TN-03,CA-01,AL-03,AL-02,FL-11,WV-01,IN-04,IA-04,SD-00,AK-00,MN-06,IN-02
WV-03,0.28439996483825375,0.5031001490757083,0.21870018423745458,FL-02,TN-04,ND-00,OH-06,WV-01,TN-03,IN-08,MO-07,IN-06,OK-02,ID-01,KY-04,IN-04,MO-03,AL-03,MO-04,MS-01,NC-11,SC-03,IN-03,FL-11,MN-06,MS-04,KY-01,OH-04
WY-00,0.1917306443946819,0.371162498105614,0.17943185371093212,MS-04,MO-07,FL-01,AZ-04,OK-04,KY-01,TN-08,OK-02,TN-07,ID-01,MO-03,TX-01,MO-08,AL-06,KS-01,TN-06,SC-03,TX-12,MO-04,AL-05,TN-02,IN-06,IN-03,WV-01,TN-03
