district,min_similarity,max_similarity,similarity_range,most_similar â¬…
AK-00,0.14812955478229187,0.21652931672177778,0.06839976193948591,WI-06,AR-02,OK-05,MI-08,MT-00,MI-07,CO-03,TX-25,WA-04,WA-05,NC-06,KS-02,TX-06,TX-10,FL-03,NC-02,MI-06,TX-31,CA-01,MI-04,MI-11,NC-05
AL-01,0.02070959922354847,0.3678852946232018,0.3471756953996533,GA-08,GA-10,GA-03,OK-01,TX-05,FL-04,TX-03,AZ-08,CA-23,GA-14,MS-03,OH-08,TX-04,FL-25,IL-18,TX-26,TN-02,TX-19,GA-11,TX-08,SC-04,FL-01
AL-02,0.1534409821397139,0.2690320891640996,0.11559110702438569,IN-09,FL-03,TX-27,FL-17,CA-01,KS-04,TX-25,NC-05,SD-00,NC-11,TX-31,MT-00,OK-05,TX-14,NC-10,AZ-05,IA-04,IN-02,CA-42,TX-06,MI-10,FL-06
AL-03,0.05309825797519167,0.13712317455485046,0.08402491657965878,FL-11,IN-04,TN-03,MO-06,MS-01,OH-04,KY-04,WV-01,NC-03,NC-11,FL-19,SD-00,MD-01,MO-04,MO-03,ID-01,AL-05,KS-04,IN-08,FL-17,IN-06,MI-10
AL-04,0.10553773614210234,0.42546204883632105,0.3199243126942187,GA-14,TX-04,TX-11,TX-08,TX-19,TX-13,KY-05,TN-01,GA-09,NE-03,OK-03,TN-06,TX-36,GA-03,TX-01,AL-06,MO-08,AL-01,FL-04,GA-08,OK-01,IL-15
AL-05,0.11399401300068356,0.16404507002650212,0.050051057025818566,MO-04,MO-03,MS-01,MD-01,AL-03,MO-06,FL-01,IN-04,FL-11,TX-12,KY-04,TN-08,MS-04,OK-04,SC-03,AZ-04,AZ-05,OH-04,MI-10,NC-03,IL-18,IN-06
AL-06,0.05375909225424109,0.2502535014740053,0.19649440921976424,TX-01,KY-01,OK-03,AZ-04,TN-02,TN-07,FL-01,OK-04,SC-03,TN-08,MO-08,OK-02,MS-04,MO-07,TX-12,MO-03,IN-03,TX-36,KY-04,TN-06,WY-00,AL-05
AL-07,0.10022394923370355,0.35774654435787356,0.25752259512417003,GA-13,TX-29,AZ-07,MA-05,OR-03,CA-28,VA-03,HI-02,CA-05,NJ-08,TX-33,TX-30,SC-06,TX-09,GA-04,FL-20,CA-20,NY-16,WI-04,MI-14,OH-11,MI-13
AR-01,0.12967135863404836,0.27812833593505004,0.14845697730100169,VA-09,CO-05,VA-06,OH-07,SC-04,KY-02,AR-04,SC-02,MS-03,TX-17,TX-26,OH-08,GA-11,SC-01,KS-01,GA-01,FL-12,ID-01,IL-16,KS-04,TX-21,TN-03
AR-02,0.09388157433703379,0.14327639372904385,0.04939481939201007,MI-03,MI-06,MI-08,WI-06,NC-06,MI-07,NC-02,KY-06,WA-05,KS-02,OK-05,MT-00,TX-06,SC-07,CA-04,NC-13,CO-03,FL-16,MI-11,NJ-03,VA-02,TX-25
AR-03,0.3356426876158633,0.5087662577254903,0.17312357010962703,TX-19,TX-08,TN-01,FL-04,TX-11,TX-04,TX-13,TN-06,TN-02,TX-36,OK-03,GA-14,GA-03,AL-01,TN-07,TX-01,GA-08,OK-01,GA-09,TN-08,NE-03,OH-08
AR-04,0.20316669264424228,0.316846713727632,0.11368002108338973,AR-01,TX-17,SC-02,CO-05,GA-01,TX-21,VA-06,SC-01,WV-02,CA-08,SC-04,NC-09,AL-02,FL-15,MS-03,OH-07,TX-26,GA-11,VA-09,WA-04,FL-03,KY-02
AZ-01,0.10421031618798594,0.21703618361922974,0.1128258674312438,NH-02,NE-02,NH-01,TX-23,CT-05,OR-05,NV-04,IA-02,NJ-05,CA-07,OR-04,MN-01,MN-08,NY-03,CA-10,MN-02,IL-17,CO-07,CA-36,IA-01,CA-03,WA-01
AZ-02,0.1354327877583564,0.21353690547537676,0.07810411771702036,CO-06,TX-23,CA-10,IA-03,NE-02,NJ-03,IA-01,MI-11,FL-26,IL-13,VA-02,CA-07,VA-10,NJ-07,MI-08,CA-21,NC-13,MN-03,FL-18,MN-02,MI-06,NH-01
AZ-03,0.12001516701025755,0.3066102946942585,0.18659512768400094,VA-11,FL-14,IN-01,CA-32,MA-06,CA-46,NY-17,NJ-01,IL-03,FL-05,CT-01,CA-33,FL-23,TX-28,MD-03,MN-04,MA-04,MD-08,TX-16,MD-02,NJ-12,MS-02
AZ-04,0.058794004796407597,0.1596457641154315,0.1008517593190239,OK-04,FL-01,SC-03,TN-08,TN-07,KY-01,MS-04,MO-03,MO-07,TX-12,KY-04,MO-04,IN-03,TN-02,IN-06,AL-06,AL-05,MS-01,ID-01,TX-01,MO-06,OK-02
AZ-05,0.08060322574190192,0.16897313395921856,0.08836990821731665,CA-50,FL-19,WI-05,NC-03,CO-04,TX-02,KS-04,TX-27,NE-01,FL-08,TX-31,MD-01,AL-03,MI-02,AZ-06,AL-05,FL-11,IN-05,SD-00,NJ-04,IN-04,MO-06
AZ-06,0.06251563804361276,0.12784406517316318,0.06532842712955042,GA-07,TX-31,MO-02,TX-10,TX-22,IN-05,TX-02,TX-06,CA-42,GA-06,TX-25,CA-04,TX-24,VA-01,OK-05,CA-50,FL-03,MI-02,WA-05,NM-02,IL-14,NJ-04
AZ-07,0.12178909536571815,0.2981252762053228,0.17633618083960467,TX-29,MA-05,GA-13,AL-07,NY-16,OR-03,CA-17,CA-28,TX-33,CA-05,TX-30,WI-04,NY-10,NJ-08,NY-14,TX-09,CA-35,GA-04,CA-20,CA-29,MO-01,FL-20
AZ-08,0.11703812413055847,0.36868944926591,0.25165132513535154,TX-05,TX-03,FL-04,OK-01,GA-10,AL-01,GA-08,GA-03,FL-25,CA-23,MS-03,TX-26,TX-17,SC-04,SC-05,GA-11,OH-08,VA-06,CA-08,SC-01,SC-02,IL-18
AZ-09,0.09766104648220801,0.17723570464215166,0.07957465815994365,CA-03,CA-36,FL-22,CA-26,CT-04,IL-08,WA-01,WA-10,CO-07,CA-52,CA-09,IL-11,CO-02,TX-15,FL-09,WA-06,MD-06,MO-05,NM-01,CA-16,GA-02,OR-05
CA-01,0.05512331630081775,0.11581731304084031,0.06069399674002256,NC-05,MT-00,TX-14,KY-06,NC-06,FL-06,WA-05,TX-06,TX-25,CA-04,NC-08,SC-07,IN-02,OK-05,NC-07,NC-10,TX-27,CA-42,WI-07,IA-04,WI-06,VA-01
CA-02,0.06112421778640604,0.21500596503353114,0.1538817472471251,CA-06,WA-09,CA-51,CA-11,TX-18,MD-07,MN-05,IL-01,CA-18,CO-01,CA-14,NC-01,TN-09,NJ-08,HI-02,MD-04,IL-05,CA-05,NC-04,VA-08,WI-02,CA-28
CA-03,0.06536000305997546,0.15382779332747382,0.08846779026749836,WA-10,CO-07,CA-09,MD-06,CA-36,WA-01,FL-22,AZ-09,CA-26,FL-09,MO-05,IL-08,CA-16,TX-15,CA-52,CT-04,IL-11,CA-24,CO-02,CT-05,IL-17,GA-02
CA-04,0.0824352473156962,0.12117910298397164,0.03874385566827544,TX-25,TX-06,WA-05,OK-05,NC-06,AZ-06,KS-02,CA-01,SC-07,VA-01,TX-14,KY-06,NC-05,MO-02,NC-10,TX-31,MI-02,TX-10,CA-42,NM-02,WI-06,IN-05
CA-05,0.063279420035269,0.2355091081041242,0.1722296880688552,CA-28,TX-33,OR-03,CA-20,GA-04,CA-15,WI-04,SC-06,CA-06,CA-19,CA-02,MD-07,HI-02,TX-16,TX-18,NJ-08,CA-30,WA-09,CA-14,TX-09,MD-04,TX-30
CA-06,0.06112421778640604,0.19963058382923196,0.13850636604282593,CA-02,WA-09,CA-51,CA-11,CO-01,CA-18,NC-01,MD-07,TX-18,MN-05,IL-01,NC-04,IL-05,NJ-09,CA-05,WI-02,MD-04,NC-12,VA-08,TX-33,CA-28,HI-02
CA-07,0.11774897027150594,0.1912001961296065,0.07345122585810057,CA-24,TX-23,NV-04,WA-01,NH-02,CA-10,CO-06,CA-52,AZ-01,CT-05,OR-05,NE-02,CA-03,CA-09,AZ-02,FL-26,CO-07,MD-06,IA-02,NJ-05,NH-01,VA-10
CA-08,0.14771770797707362,0.2692923968477387,0.12157468887066508,TX-17,TX-21,VA-06,SC-01,CO-05,SC-02,GA-01,MS-03,TX-32,SC-04,FL-15,CA-23,AZ-06,FL-12,FL-03,CA-50,MI-02,KS-03,TX-22,TX-31,NJ-04,TX-02
CA-09,0.045611840567992945,0.17422936032712735,0.1286175197591344,CA-16,IL-08,WA-01,IL-11,CA-03,MD-06,CA-26,CA-24,WA-10,CA-52,FL-22,CO-07,CT-04,MO-05,TX-15,FL-09,CO-02,AZ-09,IL-10,IN-07,GA-02,CA-36
CA-10,0.10966699594682078,0.19205703579926464,0.08239003985244386,MN-02,NJ-05,VA-10,TX-23,CO-06,CA-49,NV-03,NJ-07,CA-07,AZ-02,IA-03,NE-02,MI-11,NV-04,MN-03,IA-01,NH-01,FL-07,NC-13,CA-21,IL-13,AZ-01
CA-11,0.03780648092589412,0.20479899902099122,0.1669925180950971,CA-51,CA-18,WA-09,CO-01,VA-08,IL-05,CA-06,IL-09,OH-03,WI-02,CA-02,CA-38,NC-01,NC-04,MN-05,TX-18,IL-01,NJ-09,MD-05,MD-07,NC-12,CA-27
CA-12,0.08946717449713054,0.3078520469519409,0.21838487245481036,IL-07,GA-05,NJ-10,IL-04,CA-13,FL-20,OH-11,NY-05,WA-07,CA-37,TX-09,TX-30,MI-13,NY-07,MI-14,NY-08,NY-09,NY-13,MA-07,MO-01,NY-12,NY-15
CA-13,0.1486736232490485,0.4321432762984981,0.2834696530494496,NJ-10,IL-07,CA-12,GA-05,NY-15,NY-05,NY-13,NY-07,MA-07,CA-37,NY-08,IL-04,FL-20,OH-11,MI-13,NY-09,WA-07,TX-09,TX-30,MI-14,CA-14,NY-12
CA-14,0.0734325881336073,0.23009858756628648,0.15666599943267917,TN-09,NJ-08,MI-14,MO-01,MD-07,TX-18,MD-04,IL-02,TX-09,IL-01,TX-30,CA-02,MI-13,CA-28,MN-05,CA-06,FL-20,GA-04,OH-11,NY-12,OR-03,CA-05
CA-15,0.08540117095215974,0.24129633233847544,0.1558951613863157,CA-30,CA-19,CA-20,CA-05,TX-33,WI-04,TX-16,CA-28,OR-03,SC-06,CA-06,MS-02,WA-09,CO-01,CA-51,CA-43,GA-04,CA-11,IL-05,CA-33,NC-01,CA-02
CA-16,0.045611840567992945,0.17876409035373972,0.13315224978574677,CA-09,IL-11,IL-08,CA-26,MD-06,CT-04,CA-24,CA-52,MO-05,CA-03,CO-02,TX-15,WA-01,WA-10,FL-22,FL-09,CO-07,IN-07,IL-10,AZ-09,CA-47,TX-34
CA-17,0.14731954215242457,0.35866017865104566,0.2113406364986211,CA-35,CA-29,NY-16,AZ-07,MA-05,NY-10,NY-14,OR-03,TX-29,WI-04,CA-19,NY-12,TX-33,CA-20,CA-28,CA-15,CA-05,CA-34,TX-18,CA-43,MN-05,MO-01
CA-18,0.05056520542823889,0.2301999022588846,0.1796346968306457,CA-11,CA-51,VA-08,WA-09,CO-01,IL-05,IL-09,CA-06,MN-05,OH-03,TX-18,CA-02,WI-02,IL-01,MD-07,NC-04,CA-38,NC-01,MD-04,NC-12,NJ-09,MD-05
CA-19,0.09973296847081209,0.2630613527534973,0.1633283842826852,CA-15,CA-43,CA-30,CA-20,WI-04,CA-05,OR-03,TX-33,CA-28,TX-18,NY-10,MD-07,CA-06,GA-04,WA-09,CA-51,CO-01,CA-02,MN-05,IL-01,MD-04,TX-16
CA-20,0.08403315565894212,0.22743936829405764,0.14340621263511552,TX-33,WI-04,CA-05,SC-06,CA-15,CA-28,OR-03,GA-04,CA-19,TX-16,NC-12,CA-06,CA-30,NC-01,WA-09,TX-18,CO-01,CA-51,MD-07,VA-03,MN-05,NC-04
CA-21,0.11650126608754087,0.24766023096169482,0.13115896487415396,MN-03,VA-10,CO-06,FL-26,CA-10,WA-08,AZ-02,CA-39,NJ-07,CA-49,IL-06,IA-03,CA-45,NJ-11,CA-07,FL-07,NJ-02,CA-48,VA-02,MN-02,NJ-03,IL-13
CA-22,0.06858870169350047,0.17486757847010972,0.10627887677660926,OH-12,NJ-04,IN-05,OH-02,OH-15,CA-50,OH-10,NE-01,WI-05,MI-02,TX-02,NC-03,FL-08,AZ-06,OR-02,WI-01,NM-02,FL-19,CO-04,NV-02,MO-02,OH-14
CA-23,0.09697500322247997,0.26684046029416153,0.16986545707168155,MS-03,TX-26,SC-04,GA-11,VA-06,OH-08,TX-17,IL-18,FL-12,SC-02,TX-12,OR-02,KY-02,MD-01,CA-08,IL-16,SC-01,WI-05,CO-05,NE-01,TN-02,GA-01
CA-24,0.0732323698920088,0.19561862130175645,0.12238625140974764,WA-01,CA-52,CA-09,CA-16,CA-07,IL-08,IL-10,MD-06,CA-03,CA-26,CO-07,FL-09,WA-10,FL-22,IL-11,CT-04,CO-02,TX-15,AZ-09,MO-05,NV-04,NH-02
CA-25,0.170902431960461,0.3469331996220598,0.1760307676615988,KS-03,FL-13,TX-32,FL-27,CA-31,VA-10,NC-09,FL-15,NJ-07,TX-21,CA-49,MI-08,MN-03,NJ-05,CO-06,CA-21,TX-07,CA-10,CA-48,IA-03,NV-03,NJ-11
CA-26,0.08077951472991163,0.18320207422406545,0.10242255949415383,CT-04,CA-52,IL-11,IL-08,CA-16,CA-09,CA-03,AZ-09,MD-06,FL-22,WA-01,CO-02,WA-10,TX-15,CA-24,MO-05,CO-07,CA-36,FL-09,CA-47,CA-41,IL-10
CA-27,0.04300662739625143,0.1905844825792489,0.14757785518299746,CA-53,CA-38,MD-08,MD-03,TX-35,NJ-12,CA-41,IL-09,MD-05,CA-47,OH-03,NV-01,WI-02,RI-01,MD-02,IL-05,MN-04,WA-02,MI-12,FL-05,MA-03,NJ-01
CA-28,0.063279420035269,0.22494703890582782,0.1616676188705588,CA-05,TX-33,OR-03,GA-04,WI-04,CA-20,TX-09,TX-30,CA-15,NJ-08,CA-14,CA-19,MD-07,CA-06,SC-06,MO-01,TX-18,CA-02,MD-04,TN-09,MI-14,FL-20
CA-29,0.15559718426115568,0.3834319496338301,0.2278347653726744,CA-17,NY-16,CA-35,NY-10,NY-14,AZ-07,CA-34,NY-12,MA-05,WI-04,MO-01,OR-03,TX-30,TX-18,TX-33,MD-07,TX-09,NY-09,GA-04,NJ-08,MI-14,MN-05
CA-30,0.08540117095215974,0.2642833895650652,0.17888221861290546,CA-15,CA-19,CA-33,TX-16,MS-02,CA-20,CA-05,IL-05,TX-33,CO-01,OH-03,WI-04,NY-06,CA-11,CA-51,SC-06,WA-09,VA-08,CA-06,MD-05,NC-01,CA-18
CA-31,0.279373737133611,0.4169536739854921,0.13757993685188108,FL-13,CA-25,VA-04,CA-52,IL-10,AZ-09,FL-27,CA-26,WA-01,IL-08,CA-09,CA-24,CT-05,CO-07,CA-03,CA-07,VA-10,FL-22,CA-16,NV-04,CO-02,NH-02
CA-32,0.06783091339868567,0.3093794696646822,0.24154855626599653,CA-46,VA-11,CA-33,AZ-03,MS-02,CA-30,TX-16,MN-04,MD-08,TX-35,FL-05,NJ-12,OH-03,MD-03,CT-01,VT-00,IL-09,CA-15,MA-04,NJ-01,NY-17,MD-02
CA-33,0.1713696379540437,0.28148051497839066,0.11011087702434696,CA-30,CA-46,TX-16,CA-32,VA-11,MA-04,MS-02,CA-15,MD-03,OH-03,CA-38,MD-05,NJ-12,MD-08,CA-27,TX-35,IL-05,IL-09,NY-06,AZ-03,CA-53,FL-05
CA-34,0.25845442598744567,0.4137554410518368,0.15530101506439115,NY-07,CA-29,NY-05,NY-09,NY-12,NY-08,NY-14,NY-13,CA-40,WA-07,CA-17,CA-37,MA-07,NY-10,CA-12,MI-13,TX-30,CA-43,IL-07,TX-09,IL-02,MI-14
CA-35,0.14731954215242457,0.37365168439336655,0.22633214224094197,CA-17,MA-05,NY-16,AZ-07,CA-29,TX-20,NY-06,TX-29,NY-10,OR-03,CA-15,CA-19,CA-20,WI-04,CA-05,SC-06,CA-30,MA-08,TX-33,NY-14,GA-13,MS-02
CA-36,0.0931060148432957,0.18382476710171566,0.09071875225841997,CA-03,AZ-09,WA-10,FL-22,IL-17,CO-07,CA-26,FL-09,MD-06,CT-05,MO-05,WA-01,TX-15,OR-05,CT-04,WA-06,GA-02,CA-09,IL-08,OR-04,CA-52,NM-01
CA-37,0.1694496127171732,0.32636304937906185,0.15691343666188864,WA-07,CA-12,IL-07,NY-05,NJ-10,NY-07,GA-05,NY-09,FL-20,CA-13,IL-02,NY-08,MI-13,TX-30,IL-04,MA-07,NY-13,TX-09,CA-43,MI-14,OH-11,NY-12
CA-38,0.07972690888276046,0.20771875216262978,0.12799184327986932,CA-27,OH-03,CA-53,MD-05,IL-09,IL-05,NJ-12,WI-02,TX-35,CA-11,MD-03,NV-01,MD-08,CO-01,VA-08,CA-51,NJ-09,CA-41,CA-18,MI-12,WA-09,CA-47
CA-39,0.059678555612548104,0.21913680658438012,0.15945825097183203,IL-06,CA-45,MN-03,CA-48,WA-08,NJ-11,IL-14,NJ-07,TX-07,VA-10,OH-01,FL-07,CA-49,VA-07,CA-21,NJ-02,VA-02,GA-06,WA-03,TX-24,GA-07,VA-05
CA-40,0.3459257507038179,0.5973091661777844,0.2513834154739665,CA-34,NY-14,NY-07,NY-09,CA-29,NY-12,NY-10,NY-08,CA-17,NY-16,MA-07,NY-05,NY-13,CA-35,CA-43,WA-07,CA-37,CA-44,MO-01,OR-03,MI-13,FL-24
CA-41,0.05507694617532825,0.16506892499801412,0.10999197882268588,CA-47,CA-53,RI-01,WA-02,IN-07,TX-34,MD-03,IL-11,CA-27,MD-08,MD-02,NJ-01,NV-01,NJ-06,CO-02,CT-04,OR-01,NM-01,CT-01,MA-03,TX-35,IL-08
CA-42,0.06017931538327769,0.10905553631063394,0.04887622092735625,MO-02,TX-06,TX-10,VA-01,GA-07,FL-03,NC-08,TX-31,VA-07,WA-05,AZ-06,VA-05,IL-14,OH-01,TX-24,NC-05,TX-25,OK-05,FL-06,FL-16,TX-22,NC-06
CA-43,0.15029519287056398,0.28247185313319273,0.13217666026262875,CA-19,WA-07,WI-04,CA-15,IL-02,MD-04,MD-07,TX-18,NY-10,OR-03,MO-01,CA-28,NY-12,IL-01,CA-20,TX-33,TN-09,CA-05,TX-30,CA-30,NY-14,GA-04
CA-44,0.47271384975479624,0.6491144082517349,0.1764005584969387,NY-09,NY-08,NY-14,NY-16,NY-10,MA-07,NY-12,NY-07,NY-05,CA-40,CA-37,NY-13,MI-13,WA-07,OR-03,TX-30,CA-43,MO-01,IL-02,NJ-08,MN-05,MI-14
CA-45,0.045100776046538255,0.18042319695648898,0.13532242090995072,IL-06,CA-48,CA-39,IL-14,NJ-11,TX-07,WA-08,MN-03,NJ-07,VA-07,OH-01,GA-06,GA-07,TX-24,VA-02,WA-03,TX-10,MO-02,VA-05,CA-42,VA-10,FL-16
CA-46,0.06783091339868567,0.3221386468781726,0.25430773347948693,CA-32,CA-33,VA-11,AZ-03,CA-30,MS-02,MN-04,MD-08,NY-17,TX-16,MD-03,TX-35,MA-04,CT-01,FL-05,NJ-12,FL-23,OR-01,NJ-01,MD-02,OH-03,IL-09
CA-47,0.05507694617532825,0.18141499386765145,0.1263380476923232,CA-41,CA-53,IL-11,RI-01,WA-02,IN-07,MD-08,CA-27,MD-03,TX-34,CT-04,CO-02,IL-08,CA-26,OR-01,CA-16,MD-02,NJ-01,TX-35,NV-01,FL-23,MN-04
CA-48,0.04721313376593427,0.15542306778596285,0.10820993402002857,CA-45,IL-14,NJ-11,IL-06,TX-07,VA-07,OH-01,NJ-07,WA-08,CA-39,GA-07,GA-06,TX-24,MN-03,TX-10,WA-03,MO-02,CA-42,VA-05,VA-02,NC-02,FL-16
CA-49,0.0822875142412262,0.21348360592794943,0.13119609168672325,VA-10,FL-07,CA-10,NJ-05,NJ-07,NV-03,MN-02,MN-03,CO-06,TX-23,CA-39,CA-45,TX-07,CA-48,MI-11,CA-21,CA-07,IL-06,VA-07,NJ-11,NC-13,NE-02
CA-50,0.08060322574190192,0.16058279795793812,0.0799795722160362,AZ-05,TX-02,AZ-06,NJ-04,TX-31,IN-05,TX-22,WI-05,CA-22,FL-19,MI-02,NC-03,MO-02,FL-03,FL-08,NE-01,GA-07,CO-04,OH-12,CA-42,OH-02,TX-27
CA-51,0.03741817740083021,0.20660386008010595,0.16918568267927575,WA-09,CA-11,CA-18,CO-01,CA-06,VA-08,IL-05,CA-02,MN-05,WI-02,OH-03,TX-18,IL-01,IL-09,MD-07,NC-01,NC-04,MD-04,CA-38,NJ-09,NC-12,MD-05
CA-52,0.0834956885114435,0.20715430239316782,0.12365861388172432,CA-26,CA-24,WA-01,CA-09,IL-08,CA-16,CA-03,CT-04,IL-10,AZ-09,IL-11,MD-06,FL-22,CO-07,CA-07,WA-10,CO-02,FL-09,TX-15,CA-36,MO-05,CT-05
CA-53,0.04300662739625143,0.1852270903512767,0.14222046295502527,CA-27,CA-41,CA-47,MD-03,MD-08,CA-38,TX-35,NJ-12,RI-01,NV-01,WA-02,MD-05,MD-02,IL-09,MA-03,TX-34,IN-07,MN-04,OH-03,WI-02,NJ-01,CT-01
CO-01,0.06143915689525696,0.20428879068612657,0.14284963379086962,IL-05,CA-11,CA-51,VA-08,WA-09,CA-18,WI-02,OH-03,IL-09,CA-06,NC-01,NC-04,MN-05,NJ-09,MD-05,CA-38,CA-02,NC-12,TX-35,NJ-12,TX-18,IL-01
CO-02,0.08949586582630513,0.14559740725713494,0.05610154143082981,TX-15,IL-11,IL-08,CT-04,IN-07,OR-01,CO-07,MO-05,CA-09,CA-16,WA-02,FL-22,WA-10,TX-34,MD-06,CA-26,NM-03,CA-03,WA-01,FL-23,NM-01,FL-09
CO-03,0.07523772325103943,0.13224662566583692,0.05700890241479749,VA-05,MI-07,MI-03,VA-07,MI-11,NC-02,FL-16,FL-06,MI-08,MI-06,WA-05,NC-13,OH-01,TX-06,WI-06,MT-00,VA-01,NC-08,OK-05,NC-05,NC-06,KY-06
CO-04,0.08069516714153327,0.1441325084774423,0.06343734133590903,FL-08,FL-19,MI-02,NC-03,KS-04,SD-00,WI-05,OH-02,FL-17,TX-27,FL-11,IN-05,NE-01,AZ-05,IN-04,MO-06,NJ-04,MD-01,OH-05,NC-11,OH-04,KS-02
CO-05,0.12394002581894195,0.26279689876404555,0.1388568729451036,VA-06,AR-01,TX-17,SC-02,SC-04,OH-07,SC-01,TX-21,CA-08,MS-03,GA-01,TX-26,VA-09,FL-12,IL-16,AR-04,GA-11,CA-23,KS-04,MI-04,NC-09,OH-08
CO-06,0.11853290682337966,0.20988827980618643,0.09135537298280677,CA-10,TX-23,VA-10,AZ-02,FL-26,IA-03,MN-02,CA-21,NV-04,CA-07,MN-03,MI-11,NH-01,NJ-07,CA-49,NV-03,NE-02,IA-01,NJ-05,NY-24,NH-02,IL-13
CO-07,0.06548152411176762,0.15105674430491342,0.0855752201931458,WA-10,CA-03,WA-01,MD-06,MO-05,CA-09,TX-15,FL-09,CO-02,FL-22,IL-08,AZ-09,CT-05,CA-16,OR-05,DE-00,CA-24,CA-26,IL-11,CA-36,WA-06,MA-09
CT-01,0.05273205856023449,0.16144022113463546,0.10870816257440097,MD-02,NJ-01,IN-07,TX-34,MD-03,MN-04,CT-03,OR-01,FL-05,NV-01,NJ-06,MD-08,NJ-12,WA-02,TX-35,MI-12,FL-23,TN-05,MA-03,CA-41,RI-01,NM-03
CT-02,0.08884539943069648,0.20820979804034204,0.11936439860964555,MI-09,RI-02,OR-04,MI-05,DE-00,MA-09,GA-02,WA-06,KY-03,ME-01,TX-15,MO-05,NM-03,NJ-06,FL-09,CT-03,TN-05,CO-07,WA-10,OR-05,IL-17,NY-20
CT-03,0.10665055086590036,0.17856846026104387,0.0719179093951435,CT-01,MD-02,NJ-06,FL-05,MI-12,MA-03,OH-13,KY-03,TN-05,MI-05,OH-09,TX-34,NJ-01,RI-02,OR-01,NM-03,WA-02,NV-01,MI-09,GA-02,MD-03,IN-07
CT-04,0.0620350707261626,0.15437392914608344,0.09233885841992084,IL-11,CA-26,IL-08,TX-15,CA-16,CO-02,CA-09,MD-06,MO-05,FL-22,AZ-09,CA-03,CA-52,FL-09,IN-07,WA-10,TX-34,OR-01,CA-47,WA-01,CO-07,CA-41
CT-05,0.09440963933836416,0.18849685673771865,0.0940872173993545,OR-05,NH-02,NV-04,AZ-01,CO-07,NY-03,IA-02,CA-03,IL-17,OR-04,CA-36,WA-10,MD-06,WA-01,CA-07,FL-09,NH-01,TX-23,FL-22,AZ-09,MO-05,MA-09
DE-00,0.07808008709011534,0.1683888060412568,0.09030871895114147,MI-09,ME-01,GA-02,FL-09,TX-15,WA-06,MO-05,WA-10,TN-05,NM-03,CO-07,CT-02,FL-22,KY-03,OR-01,CO-02,OR-04,FL-23,TX-34,NJ-06,MI-05,MD-06
FL-01,0.06016331938980768,0.17184034741584994,0.11167702802604226,AZ-04,OK-04,MS-04,TN-08,TX-12,SC-03,MO-03,TN-07,AL-05,KY-01,MO-07,MO-04,KY-04,TN-02,AL-06,ID-01,IN-03,TX-01,WY-00,MS-01,MO-06,IN-06
FL-02,0.1917561863408845,0.288388618013957,0.09663243167307248,ND-00,WV-03,TN-04,IN-08,OH-06,MN-06,TN-03,NC-11,WV-01,NC-10,FL-17,AL-03,ID-01,ID-02,IN-02,MI-04,IN-04,KS-02,FL-11,SD-00,WV-02,KY-04
FL-03,0.08372302550672663,0.14128568575761666,0.05756266025089003,CA-42,MO-02,TX-31,TX-10,TX-06,OK-05,TX-25,NV-02,AZ-06,TX-24,VA-01,TX-22,NC-05,WA-05,IN-05,FL-06,NC-06,GA-07,CA-01,NC-08,VA-05,MI-02
FL-04,0.11840466101467453,0.33376037998839836,0.21535571897372383,TX-05,AL-01,GA-03,OK-01,GA-08,GA-10,AZ-08,TX-03,CA-23,TN-02,TX-26,TX-19,OH-08,MS-03,TX-04,GA-14,IL-18,TN-06,TX-12,FL-01,TN-08,OK-04
FL-05,0.08393440891553355,0.1719325739934117,0.08799816507787814,MD-02,MI-12,CT-01,MD-03,NJ-12,NJ-01,OH-09,TX-35,MD-05,CT-03,TX-34,MD-08,MN-04,NJ-06,TN-05,WA-02,MA-03,FL-23,NV-01,NJ-09,OR-01,KY-03
FL-06,0.061457831071393985,0.11663363580031273,0.05517580472891875,NC-08,NC-05,VA-05,FL-16,WI-07,NC-06,WI-08,CA-01,WA-05,SC-07,VA-01,CA-42,TX-06,KY-06,NC-07,WI-06,CO-03,NC-02,OH-01,OH-14,VA-07,MI-03
FL-07,0.10362166761831233,0.2555803787461002,0.15195871112778786,CA-49,NV-03,VA-10,NJ-05,MN-02,CA-10,NJ-07,MN-03,CA-39,CA-45,CA-48,IL-06,TX-07,CO-06,CA-21,WA-08,VA-07,MI-11,NJ-11,TX-23,VA-04,IL-14
FL-08,0.05428024502523908,0.1310723845819554,0.07679213955671631,MI-02,OH-02,FL-19,CO-04,NC-03,FL-17,NJ-04,OH-15,IN-05,TX-27,NC-10,KS-02,SC-07,SD-00,TX-14,OH-16,WI-08,VA-01,NC-11,KS-04,CA-04,WI-05
FL-09,0.08059466483583143,0.15541692314545422,0.07482225830962279,WA-10,TX-15,MD-06,MO-05,FL-22,GA-02,CA-03,DE-00,CO-07,CA-09,WA-01,IL-08,CT-04,CA-16,MI-09,IL-11,CO-02,CA-24,AZ-09,OR-05,WA-06,CA-36
FL-10,0.1603434438946601,0.32556004054551896,0.16521659665085886,VA-04,CA-26,CA-16,IL-11,CT-04,CA-47,CA-09,CA-52,CA-41,CA-03,IL-10,MD-06,IL-08,MO-05,IN-07,CO-02,HI-01,TX-15,AZ-09,RI-01,CA-24,CA-36
FL-11,0.05309825797519167,0.13569579949283625,0.08259754151764458,AL-03,IN-04,OH-04,MO-06,NC-03,MI-10,TN-03,MS-01,MD-01,SD-00,KS-04,FL-17,FL-19,NC-11,MO-04,IN-08,MO-03,KY-04,CO-04,WV-01,FL-08,IN-06
FL-12,0.07425971316938951,0.2839840224378829,0.2097243092684934,IL-16,VA-06,MS-03,SC-02,SC-04,GA-01,SC-01,TX-17,OH-07,CA-23,GA-11,OH-08,CO-05,TX-26,FL-15,CA-08,AR-01,KY-02,TX-21,NE-01,OR-02,TX-32
FL-13,0.1829794011630818,0.3873490238144406,0.20436962265135877,CA-25,KS-03,FL-27,FL-15,CA-31,NC-09,VA-10,FL-07,NJ-05,CA-49,NV-03,NJ-07,TX-32,CA-10,NY-22,MN-02,MN-03,MI-08,CA-21,TX-21,GA-01,IA-03
FL-14,0.07173133903671383,0.30783333152860504,0.2361019924918912,IL-03,IN-01,TX-28,AZ-03,VT-00,MA-04,MA-08,MS-02,FL-05,CT-03,VA-11,WI-03,VA-03,OH-09,OH-13,TN-05,CT-01,TX-16,KY-03,MI-05,MD-02,MI-12
FL-15,0.10997977655005484,0.31265464173749286,0.20267486518743802,GA-01,NC-09,SC-01,TX-21,SC-02,KS-03,TX-32,TX-17,CA-08,FL-12,VA-06,FL-13,IL-16,CO-05,FL-03,AR-04,CA-25,OH-07,AK-00,WA-05,TX-22,AZ-06
FL-16,0.05131763829328078,0.10742674248063183,0.05610910418735105,VA-05,MI-03,NC-08,KY-06,FL-06,VA-07,VA-01,OH-01,NC-02,NC-07,TX-06,NC-05,NC-06,NC-13,VA-02,WA-05,OH-14,IL-13,MI-06,CA-42,IL-14,CO-03
FL-17,0.05523576739758398,0.1365198886609566,0.08128412126337262,NC-11,NC-10,SD-00,FL-08,TX-27,IN-08,IA-04,TX-14,FL-19,SC-07,FL-11,IN-02,NC-03,CO-04,MI-04,KS-02,MI-02,MN-06,AL-03,OH-02,KS-04,OH-04
FL-18,0.17333034933328906,0.2726146272671369,0.09928427793384786,NE-02,MN-01,AZ-02,MN-08,TX-23,IA-01,NH-02,AZ-01,MI-01,IL-12,ME-02,NH-01,IA-03,NJ-03,AR-02,MI-07,NC-13,IA-02,MI-11,GA-12,MI-08,OR-05
FL-19,0.05378154888063387,0.13765436789292235,0.08387281901228848,NC-03,FL-08,CO-04,TX-27,MI-02,AZ-05,WI-05,FL-17,NC-11,NE-01,OH-02,FL-11,SD-00,NC-10,AL-03,NJ-04,KS-04,TX-14,CA-50,IN-05,OH-15,MD-01
FL-20,0.0523169696417902,0.25300193242839075,0.20068496278660056,OH-11,TX-30,TX-09,IL-04,MI-14,MI-13,GA-05,CA-12,NJ-08,MO-01,WA-07,CA-14,GA-04,TN-09,NJ-10,IL-07,CA-28,IL-02,NY-05,MD-04,OR-03,MD-07
FL-21,0.12493759442217538,0.42804423398756347,0.3031066395653881,TX-20,VA-03,MA-08,VT-00,FL-14,TX-28,MA-05,GA-13,TX-29,IL-03,IN-01,MS-02,NC-12,AL-07,SC-06,NC-04,NC-01,CA-35,OH-09,AZ-07,OH-13,NY-26
FL-22,0.07968669901558227,0.1459619128403023,0.06627521382472003,IL-08,CA-03,FL-09,CA-09,WA-10,AZ-09,TX-15,WA-01,CO-07,GA-02,CT-04,IL-11,WA-06,MO-05,CO-02,CA-26,MD-06,CA-36,CA-16,CA-52,DE-00,TX-34
FL-23,0.11242395207428006,0.1752404490978039,0.06281649702352383,TX-34,NJ-01,OR-01,MN-04,IN-07,CT-01,MD-08,MD-02,CO-02,TN-05,WA-02,ME-01,IL-08,MD-03,TX-15,DE-00,FL-05,IL-11,NJ-06,GA-02,FL-22,NM-03
FL-24,0.5973091661777844,0.8284170839619376,0.23110791778415318,CA-40,CA-29,CA-34,CA-17,NY-07,NY-12,NY-14,NY-05,CA-35,NY-10,NY-13,NY-09,MO-01,NY-08,NY-16,MD-04,MD-07,TX-09,MI-14,OH-11,TN-09,TX-30
FL-25,0.23440371957373032,0.4393131357585385,0.20490941618480815,TX-03,AZ-08,GA-10,TX-05,GA-08,AL-01,OK-01,FL-04,CA-23,GA-03,CA-08,MS-03,TX-17,CA-50,SC-05,SC-01,CA-22,TX-02,OH-12,TX-21,NV-02,TX-22
FL-26,0.13980329037615669,0.27349508222269736,0.13369179184654068,CO-06,AZ-02,CA-21,CA-07,TX-23,NV-04,CA-10,CA-24,IA-01,VA-10,IL-10,NH-02,IA-03,MN-03,NY-24,NH-01,WA-01,MN-02,NE-02,MI-11,NJ-03,NJ-07
FL-27,0.24377541918741527,0.40347147513795817,0.1596960559505429,FL-13,KS-03,CA-25,TX-32,FL-15,VA-10,CA-21,MN-03,NC-09,CA-39,FL-07,CA-49,WA-08,CA-31,IL-06,NJ-07,CA-48,TX-21,CA-45,GA-01,TX-07,NJ-11
GA-01,0.09023287233597296,0.2768132944784264,0.18658042214245343,SC-02,SC-01,FL-15,TX-17,TX-21,NC-09,FL-12,VA-06,CA-08,IL-16,SC-04,MS-03,CO-05,TX-32,OH-07,GA-11,AR-04,KS-03,AR-01,CA-23,FL-03,TX-26
GA-02,0.09063787839529346,0.15819288858858355,0.06755501019329009,MI-09,NJ-06,TX-15,KY-03,DE-00,WA-06,FL-09,MO-05,TN-05,TX-34,NM-03,FL-22,WA-10,WA-02,IN-07,CO-07,CO-02,CA-03,OR-01,ME-01,RI-02,IL-11
GA-03,0.0672436149385204,0.36011720140809717,0.2928735864695768,AL-01,GA-08,GA-10,OK-01,FL-04,TX-05,TX-03,AZ-08,GA-14,TX-04,CA-23,TX-19,TX-08,OH-08,TN-02,TX-26,MS-03,IL-18,GA-11,TN-06,AL-04,FL-01
GA-04,0.08155127413167748,0.23140609934161202,0.14985482520993454,TX-33,CA-28,CA-05,WI-04,CA-20,OR-03,TX-09,TX-30,MD-07,MD-04,MO-01,TX-18,SC-06,NJ-08,CA-14,OH-11,MI-14,FL-20,CA-06,IL-01,TN-09,CA-15
GA-05,0.09424152481788484,0.3082495341642871,0.21400800934640224,CA-12,IL-07,NJ-10,IL-04,OH-11,FL-20,TX-09,CA-13,TX-30,MI-13,NY-05,MI-14,WA-07,NY-07,NY-09,CA-14,NY-08,CA-37,MO-01,NJ-08,MA-07,TN-09
GA-06,0.06148780366869519,0.16209413931416528,0.10060633564547009,GA-07,TX-22,AZ-06,TX-24,TX-02,TX-10,MO-02,CA-48,TX-07,IL-14,TX-31,CA-45,IN-05,CA-42,TX-06,NJ-11,OH-01,IL-06,VA-07,VA-01,CA-50,TX-25
GA-07,0.06148780366869519,0.13713723053933966,0.07564942687064447,GA-06,AZ-06,TX-22,TX-24,TX-10,MO-02,CA-42,TX-31,TX-06,TX-02,IL-14,IN-05,TX-25,VA-01,VA-07,TX-07,OK-05,CA-48,OH-01,CA-04,FL-03,WA-05
GA-08,0.02070959922354847,0.3768995854335741,0.3561899862100256,AL-01,GA-10,GA-03,OK-01,TX-05,FL-04,TX-03,AZ-08,CA-23,GA-14,FL-25,MS-03,OH-08,TX-04,IL-18,TX-26,TN-02,TX-19,GA-11,TX-08,SC-04,TX-12
GA-09,0.07741734301821526,0.3910677434920963,0.31365040047388104,KY-05,TN-01,NE-03,TX-36,OK-03,TN-06,TX-11,IL-15,TX-19,TX-04,TX-13,TX-08,AL-04,TX-01,MO-08,AL-06,KS-01,GA-14,TN-02,KY-01,TN-07,KY-02
GA-10,0.04460044842823894,0.38624799190416514,0.3416475434759262,GA-08,AL-01,OK-01,GA-03,TX-05,FL-04,TX-03,AZ-08,CA-23,FL-25,MS-03,TX-26,GA-14,OH-08,IL-18,GA-11,TX-04,TN-02,SC-04,TX-12,FL-01,TX-19
GA-11,0.08355887146198183,0.26980433882723237,0.18624546736525055,TX-26,SC-04,MS-03,CA-23,OH-08,VA-06,KY-02,TX-17,SC-02,FL-12,AR-01,KS-01,SC-01,VA-09,CO-05,TX-12,IL-16,GA-01,IL-18,IL-15,OH-07,MD-01
GA-12,0.10241691754783482,0.17185470607463735,0.06943778852680253,KY-06,NC-07,IN-02,MI-01,SC-07,MI-03,FL-16,WI-07,AR-02,MT-00,IL-12,MI-07,TX-14,NC-05,MN-06,OH-16,IL-13,NC-06,MI-06,CA-01,NC-10,NC-02
GA-13,0.0973929219707469,0.35490623409571154,0.25751331212496464,TX-29,AL-07,AZ-07,MA-05,VA-03,OR-03,CA-28,SC-06,TX-33,CA-20,NY-16,CA-05,WI-04,TX-20,GA-04,NC-12,HI-02,TX-30,NJ-08,FL-21,TX-09,NC-01
GA-14,0.07430398710701873,0.3569627273960126,0.28265874028899385,TX-04,AL-04,TX-08,TX-19,TX-11,GA-03,KY-05,TX-13,NE-03,TN-01,OK-03,AL-01,TN-06,FL-04,GA-08,OK-01,GA-09,TX-36,TX-01,GA-10,TX-05,AL-06
HI-01,0.21937266238070785,0.3171218141345688,0.09774915175386095,NV-01,CA-38,CA-53,CA-27,CA-41,RI-01,CA-47,MD-05,NJ-12,TX-35,OH-03,MD-03,MD-08,IN-07,MI-12,MD-02,MA-03,IL-05,WI-02,WA-02,CT-01,FL-10
HI-02,0.19473099393779097,0.29504603878039104,0.10031504484260007,CA-02,CA-06,CA-05,OR-03,NC-01,CA-28,SC-06,NJ-09,NJ-08,WA-09,TX-33,MD-07,MN-05,NC-04,CA-51,CA-20,NC-12,TX-18,CO-01,CA-14,TN-09,MA-05
IA-01,0.1365470614843103,0.22536390571695378,0.08881684423264347,ME-02,IA-02,CA-10,MN-08,TX-23,AZ-02,NV-04,NH-02,IA-03,MN-01,IL-12,CO-06,NH-01,NE-02,NJ-03,CA-07,IL-13,MN-02,AZ-01,FL-26,MI-11,FL-18
IA-02,0.10547369340266786,0.2191115469344325,0.11363785353176463,NH-02,AZ-01,CT-05,NV-04,OR-05,IL-17,MN-08,MN-01,IA-01,OR-04,TX-23,NH-01,CA-07,WA-10,NE-02,CO-07,FL-09,CA-03,CA-10,WA-01,NJ-05,MD-06
IA-03,0.08038784112040834,0.17031798202186418,0.08993014090145585,MI-11,NJ-03,MI-08,MI-06,IL-13,NJ-07,MN-02,VA-02,NC-13,CO-06,CO-03,IL-12,MI-07,NJ-02,CA-10,MI-03,AZ-02,NJ-11,AR-02,VA-07,VA-05,NC-02
IA-04,0.08266994617150779,0.1475900741919997,0.06492012802049192,IN-02,WI-07,NC-10,FL-17,SC-07,CA-01,NC-11,TX-14,NC-07,WI-08,SD-00,MN-06,FL-06,IN-09,TX-27,NC-05,MT-00,KY-06,OH-16,NC-08,IN-08,KS-02
ID-01,0.09208987457913062,0.17156539569505266,0.07947552111592204,WV-01,TN-03,KY-04,IN-04,AL-03,MO-03,MO-07,IN-06,MO-06,MO-04,AZ-04,SC-03,FL-11,MS-01,FL-01,OK-04,TN-04,MD-01,OH-04,MS-04,AL-05,KS-04
ID-02,0.13288130041506963,0.20181404807396341,0.06893274765889379,KS-04,CO-04,UT-02,IN-04,TN-03,ID-01,FL-19,WI-05,AZ-05,MO-06,KS-02,AL-03,MI-02,FL-11,FL-08,FL-17,SD-00,NC-11,MD-01,CA-04,IN-08,NC-03
IL-01,0.06736323181083284,0.23363508137692,0.16627184956608715,TX-18,MD-07,MD-04,MN-05,MO-01,TN-09,NJ-08,CA-51,CA-06,WA-09,CA-02,IL-02,CA-14,CA-18,CA-11,MI-14,WI-04,CO-01,TX-33,VA-08,GA-04,CA-20
IL-02,0.1020655181733773,0.2624740231194318,0.1604085049460545,TN-09,NJ-08,MO-01,CA-14,MI-14,TX-18,IL-01,MD-07,MD-04,MI-13,WA-07,NY-12,MN-05,TX-30,CA-02,FL-20,CA-43,TX-09,CA-28,OH-11,CA-06,OR-03
IL-03,0.07173133903671383,0.30800249187303663,0.2362711528363228,FL-14,TX-28,IN-01,MA-04,MA-08,VT-00,MS-02,CT-03,OH-13,FL-05,WI-03,OH-09,AZ-03,TN-05,KY-03,MI-05,VA-03,CT-01,TX-16,MD-02,MA-03,MI-12
IL-04,0.08972775664475285,0.28602769151342666,0.1962999348686738,OH-11,FL-20,TX-30,TX-09,GA-05,CA-12,MI-14,MI-13,IL-07,WA-07,MO-01,NJ-10,NJ-08,GA-04,CA-14,NY-05,TN-09,CA-28,NY-12,MD-04,IL-02,TX-18
IL-05,0.06143915689525696,0.2075588832114877,0.1461197263162307,CO-01,VA-08,CA-11,IL-09,CA-18,CA-51,WA-09,OH-03,WI-02,CA-38,MD-05,TX-35,NC-01,NC-04,CA-27,CA-06,NJ-12,NJ-09,MN-05,CA-02,NC-12,CA-53
IL-06,0.045100776046538255,0.19832470849594114,0.15322393244940288,CA-45,CA-39,CA-48,WA-08,MN-03,IL-14,NJ-11,TX-07,NJ-07,OH-01,GA-06,VA-07,GA-07,VA-02,TX-24,WA-03,NJ-02,MO-02,VA-10,NM-02,TX-10,CA-42
IL-07,0.08946717449713054,0.3066422182283451,0.21717504373121455,CA-12,NJ-10,GA-05,CA-13,NY-05,IL-04,MI-13,FL-20,OH-11,MI-14,WA-07,CA-37,NY-07,TX-09,TX-30,NY-08,NY-13,NY-09,NY-15,MO-01,IL-02,MA-07
IL-08,0.06104531104024287,0.1542328110357845,0.09318749999554164,CA-09,IL-11,CA-16,FL-22,CA-26,CO-02,CT-04,WA-01,CA-52,CA-03,TX-15,WA-10,CA-24,CO-07,AZ-09,MD-06,FL-09,MO-05,TX-34,IN-07,CA-47,WA-02
IL-09,0.10675289223248245,0.2031203091766059,0.09636741694412344,IL-05,WI-02,OH-03,CO-01,CA-27,CA-11,VA-08,TX-35,CA-38,CA-18,NJ-12,MD-05,CA-51,NC-04,CA-53,MD-08,WA-09,NC-01,MD-03,NJ-09,NC-12,MN-04
IL-10,0.12069121757609377,0.2570744250212377,0.1363832074451439,CA-24,CA-52,CA-16,CA-09,IL-08,WA-01,CA-26,IL-11,CA-07,CT-04,VA-04,MD-06,CA-03,CO-02,FL-26,FL-22,CO-07,FL-09,WA-10,TX-15,CA-47,AZ-09
IL-11,0.0620350707261626,0.1477874487228195,0.08575237799665689,CT-04,CA-16,IL-08,CA-26,CA-09,CO-02,TX-15,IN-07,MO-05,CA-47,FL-22,MD-06,CA-41,CA-03,TX-34,WA-10,WA-02,CA-52,FL-09,WA-01,AZ-09,OR-01
IL-12,0.10647692238227022,0.18101763726222922,0.074540714879959,MI-07,MI-01,ME-02,IL-13,MI-11,IA-03,NJ-03,CO-03,MI-06,GA-12,MI-03,NC-13,MT-00,NY-01,FL-16,NC-07,AR-02,VA-05,KY-06,MI-08,NY-11,WI-07
IL-13,0.06775632811774847,0.15055002490866623,0.08279369679091776,VA-02,NJ-03,MI-03,MI-06,FL-16,MI-11,VA-05,IA-03,WA-03,NC-13,OH-01,MI-08,NJ-02,VA-07,NJ-11,CO-03,NC-02,KY-06,IL-12,WA-08,OH-14,NJ-07
IL-14,0.060711160423763975,0.12386403836465205,0.06315287794088809,OH-01,CA-48,VA-07,NJ-11,CA-42,CA-45,MO-02,VA-05,GA-07,WA-03,NM-02,FL-16,VA-01,TX-10,IL-06,WA-08,TX-24,TX-06,WA-05,OH-14,GA-06,TX-07
IL-15,0.13970709090808525,0.28545934036216086,0.1457522494540756,KY-02,NE-03,TX-36,OH-08,KS-01,TN-06,VA-09,TN-07,TN-02,MO-08,TX-26,TN-01,GA-11,SC-04,KY-01,KY-05,OK-03,AZ-04,TX-01,OK-04,GA-09,FL-01
IL-16,0.07425971316938951,0.2908531781672671,0.21659346499787757,FL-12,OH-07,VA-06,SC-04,SC-02,MS-03,GA-01,SC-01,TX-17,CO-05,GA-11,CA-23,OH-08,TX-26,AR-01,FL-15,KY-02,NE-01,TX-21,TX-32,CA-08,OR-02
IL-17,0.14020246074873288,0.20627485304806303,0.06607239229933015,WA-10,CA-36,OR-04,CA-03,IA-02,CT-05,CO-07,OR-05,MO-05,MI-09,GA-02,FL-22,FL-09,NH-02,WA-06,AZ-09,MD-06,RI-02,WA-01,CT-02,TX-15,DE-00
IL-18,0.10782812712831483,0.19686797606517936,0.08903984893686454,TX-12,OR-02,MD-01,NE-01,MO-06,TN-08,WI-05,OK-04,TN-02,SC-03,IN-03,AL-05,TN-07,MS-01,MO-04,KY-04,MO-03,AZ-04,FL-01,NC-03,MI-10,FL-11
IN-01,0.11916901993597158,0.2792296014259592,0.16006058148998764,FL-14,IL-03,TX-28,CT-03,MA-04,MS-02,VT-00,OH-13,FL-05,WI-03,MI-05,OH-09,AZ-03,CT-01,MA-08,NY-17,TN-05,MD-02,KY-03,NJ-01,MI-09,CT-02
IN-02,0.0747693453227993,0.13672902032853151,0.06195967500573221,NC-07,IA-04,TX-14,SC-07,KY-06,NC-10,MT-00,CA-01,WI-07,MN-06,NC-05,FL-17,KS-02,IN-09,TX-27,GA-12,NC-08,MI-01,NC-11,OH-16,FL-06,WI-08
IN-03,0.0883100786999989,0.1693613887519821,0.08105131005198318,TN-08,MO-03,MO-04,SC-03,OK-04,MO-06,MS-01,IN-06,TN-07,KY-04,TX-12,AZ-04,MD-01,TN-03,MS-04,IN-04,MO-07,IL-18,FL-01,TN-02,FL-11,WV-01
IN-04,0.05503980377872,0.1366646625869321,0.0816248588082121,FL-11,AL-03,TN-03,MO-06,MS-01,KS-04,MO-04,OH-04,MD-01,MO-03,KY-04,WV-01,ID-01,IN-06,SD-00,MI-10,IN-08,AL-05,NC-03,CO-04,NC-11,FL-17
IN-05,0.07005494272355092,0.12117910298397164,0.051124160260420715,MO-02,TX-31,VA-01,MI-02,AZ-06,NJ-04,OH-02,NV-02,TX-10,FL-08,TX-02,OK-05,TX-06,TX-25,NM-02,GA-07,CA-42,OH-14,OH-15,OH-12,CA-50,CA-04
IN-06,0.05926934283421743,0.15884243765442532,0.0995730948202079,MO-03,MO-04,KY-04,MS-01,WV-01,IN-03,TN-03,MO-06,SC-03,IN-04,OH-04,MO-07,AL-03,FL-11,AZ-04,OK-04,ID-01,TN-08,MS-04,MD-01,TN-07,OK-02
IN-07,0.08222545226388242,0.14996849669180523,0.06774304442792281,NJ-01,TX-34,CT-01,CA-41,WA-02,CO-02,MD-02,NJ-06,IL-11,TX-15,OR-01,RI-01,MD-03,MO-05,CA-47,FL-23,MD-08,NV-01,CT-04,IL-08,NM-03,GA-02
IN-08,0.08807210114446005,0.15946062209837264,0.07138852095391258,NC-11,FL-17,SD-00,TN-03,IN-04,FL-11,OH-04,MN-06,NC-10,AL-03,TN-04,IA-04,WV-01,CO-04,OH-06,TX-27,ND-00,IN-02,FL-08,KS-04,MS-01,FL-19
IN-09,0.11872396556719285,0.17343222018990587,0.05470825462271302,CA-01,IN-02,MT-00,NC-05,IA-04,TX-27,TX-14,FL-06,FL-17,NC-08,NC-10,AL-02,NC-07,TX-25,FL-03,NC-11,SC-07,SD-00,OK-05,TX-06,WI-07,KY-06
KS-01,0.14406743212815298,0.27589838935738636,0.13183095722923338,KY-02,IL-15,TN-06,OH-08,TX-36,VA-09,NE-03,TX-26,GA-11,TN-07,SC-04,WY-00,AR-01,FL-01,TN-02,OK-04,AZ-04,MS-04,MO-07,MO-08,TN-08,TX-12
KS-02,0.07537313845130768,0.1351496947832291,0.05977655633192143,SC-07,MI-04,CA-04,MI-02,WI-06,OK-05,FL-08,VA-01,NC-10,TX-25,WI-07,IN-02,OH-02,FL-17,TX-14,KY-06,AR-02,TX-06,OH-16,MI-03,CA-01,MN-06
KS-03,0.170902431960461,0.3089459600803998,0.1380435281199388,CA-25,TX-32,TX-21,FL-15,NC-09,FL-13,SC-01,GA-01,FL-27,CA-08,SC-02,TX-17,AK-00,NY-22,TX-07,NJ-07,MI-08,CA-48,TX-24,OH-01,NJ-11,TX-10
KS-04,0.09280452575171111,0.15768700009829603,0.06488247434658492,IN-04,CO-04,FL-11,MD-01,MO-06,FL-19,WI-05,FL-08,AL-03,TN-03,ID-02,AZ-05,FL-17,NC-03,MI-10,SD-00,MI-02,MS-01,NC-11,TX-27,IN-08,MO-04
KY-01,0.09720324068671779,0.1976597202264538,0.10045647953973602,AZ-04,TX-01,SC-03,TN-07,MO-08,OK-04,OK-02,AL-06,FL-01,MO-07,MS-04,MO-03,TN-08,IN-06,KY-04,TN-02,IN-03,MO-04,WV-01,TX-12,OK-03,ID-01
KY-02,0.09517127323935515,0.2616056407075352,0.16643436746818008,OH-08,VA-09,IL-15,KS-01,SC-04,GA-11,TX-26,AR-01,MS-03,VA-06,TN-06,CA-23,OH-07,TX-36,TN-07,NE-03,TN-02,FL-01,FL-12,TX-12,AZ-04,OK-04
KY-03,0.042873126781236746,0.17448434027155563,0.13161121349031887,TN-05,WA-06,NM-03,NJ-06,GA-02,TX-34,MI-09,WA-02,OR-01,MA-03,NM-01,MI-05,CT-03,DE-00,MD-02,TX-15,ME-01,RI-02,FL-22,CT-01,FL-05,CO-02
KY-04,0.07342026287068172,0.14580943042204098,0.07238916755135925,SC-03,MS-01,MO-03,IN-06,MO-04,MO-06,TN-03,WV-01,AL-03,ID-01,IN-04,IN-03,AZ-04,OK-04,MD-01,FL-11,OH-04,TN-08,TX-12,AL-05,MO-07,TN-07
KY-05,0.07741734301821526,0.3730200061658892,0.2956026631476739,GA-09,NE-03,TN-01,TX-36,OK-03,TN-06,TX-11,AL-04,TX-04,IL-15,TX-19,GA-14,TX-08,TX-01,MO-08,TX-13,KS-01,AL-06,KY-01,TN-02,TN-07,KY-02
KY-06,0.05775106059632146,0.11976896509530334,0.06201790449898188,NC-07,FL-16,TX-14,SC-07,MI-03,CA-01,NC-05,IN-02,NC-08,VA-01,WI-07,TX-06,GA-12,CA-04,FL-06,VA-05,NC-06,MT-00,OH-16,WA-05,WI-08,TX-25
MA-01,0.14211535807223644,0.5245964023060967,0.3824810442338603,MA-02,HI-02,MA-05,NY-26,TX-29,MA-08,AL-07,NY-06,OR-03,NY-16,AZ-07,TX-20,GA-13,NY-14,SC-06,CA-05,CA-35,VT-00,FL-21,NY-10,CA-28,VA-03
MA-02,0.14211535807223644,0.5548879526535064,0.41277259458127,MA-01,HI-02,MA-05,NY-26,MA-08,TX-29,AL-07,OR-03,AZ-07,NY-06,TX-20,CA-35,CA-05,NY-16,GA-13,CA-28,SC-06,FL-21,VT-00,NY-14,TX-28,CA-02
MA-03,0.11822979742856708,0.1761334153418936,0.05790361791332653,MD-02,WA-02,TN-05,NJ-06,MD-03,KY-03,TX-34,CT-03,OR-01,CT-01,NM-01,TX-35,MI-12,NV-01,CA-41,FL-05,NM-03,CA-53,IN-07,MD-08,MD-05,MN-04
MA-04,0.1349475499962856,0.2733864412329186,0.138438891236633,TX-28,MS-02,MA-08,IL-03,IN-01,TX-16,CA-33,CT-03,FL-14,MA-03,FL-05,NY-06,OH-09,VT-00,MD-03,CT-01,MD-05,MI-12,MD-02,CA-30,NY-26,NJ-09
MA-05,0.12017080032187533,0.3249837534400758,0.20481295311820047,TX-29,AZ-07,NY-16,GA-13,CA-35,AL-07,CA-17,OR-03,TX-20,NY-10,CA-05,CA-28,CA-20,TX-33,HI-02,SC-06,VA-03,WI-04,MA-08,NY-14,CA-15,CA-19
MA-06,0.17611041990751147,0.31991697360409,0.14380655369657852,NY-04,NY-17,AZ-03,MA-09,MD-06,TX-15,NY-25,MO-05,FL-09,DE-00,IN-01,NY-03,OR-01,CT-01,CT-04,CO-02,VA-11,MA-04,CT-02,NJ-01,CO-07,MI-09
MA-07,0.161618079898259,0.37625526076056404,0.21463718086230504,NY-08,NY-09,NY-07,NY-05,NY-13,NJ-10,CA-13,NY-15,CA-12,GA-05,IL-07,CA-37,MI-13,NY-14,WA-07,FL-20,CA-34,NY-12,TX-30,TX-09,MI-14,OH-11
MA-08,0.13786832599440677,0.2877479240802617,0.1498795980858549,TX-28,MS-02,VT-00,MA-04,TX-16,IL-03,VA-03,SC-06,FL-14,NY-06,NC-01,IN-01,NJ-09,OH-09,TX-20,NY-26,NC-04,MI-12,NC-12,CT-03,CA-15,MD-05
MA-09,0.13652349614626785,0.210029140835266,0.07350564468899815,NY-25,TX-15,CT-02,CO-07,MO-05,RI-02,MD-06,MI-09,CO-02,NY-03,DE-00,FL-09,WA-10,CT-05,GA-02,OR-04,CA-03,NY-20,CT-04,OR-01,OR-05,FL-22
MD-01,0.06224275058189513,0.13574930939050855,0.07350655880861343,MO-06,MS-01,WI-05,IN-04,FL-11,MO-04,NE-01,KS-04,NC-03,TX-12,AL-03,MO-03,AL-05,MI-10,KY-04,IL-18,OH-04,OR-02,TN-08,CO-04,IN-03,TN-03
MD-02,0.05273205856023449,0.1419939787455793,0.08926192018534482,CT-01,FL-05,NJ-01,MD-03,TX-34,MI-12,NV-01,TX-35,NJ-12,MN-04,CT-03,NJ-06,WA-02,MD-08,IN-07,MA-03,OR-01,MD-05,TN-05,RI-01,CA-41,FL-23
MD-03,0.06856620887871812,0.15638014579862758,0.08781393691990946,MD-08,MD-02,NJ-12,TX-35,CA-53,CT-01,NJ-01,CA-27,NV-01,CA-41,FL-05,MN-04,TX-34,WA-02,IN-07,MA-03,MD-05,CA-47,OR-01,MI-12,FL-23,RI-01
MD-04,0.03710168459787239,0.21619014778661869,0.1790884631887463,MD-07,TX-18,MO-01,IL-01,TN-09,MN-05,NJ-08,CA-14,MI-14,IL-02,CA-51,CA-06,GA-04,WI-04,CA-02,WA-09,CA-18,NY-12,TX-33,TX-30,MI-13,CA-28
MD-05,0.0828110499873053,0.1796205305637416,0.0968094805764363,NJ-12,MI-12,OH-03,WI-02,NJ-09,TX-35,CA-38,NV-01,OH-09,FL-05,CA-27,MD-03,MD-02,CA-53,MD-08,NC-01,IL-09,IL-05,CO-01,CT-01,MA-03,NC-04
MD-06,0.08289396841749103,0.1606109429646685,0.07771697454717746,MO-05,TX-15,FL-09,CA-09,CA-03,CO-07,WA-10,CA-16,CT-04,WA-01,IL-11,CA-26,IL-08,CA-24,FL-22,CO-02,CA-52,AZ-09,CA-36,GA-02,CT-05,MA-09
MD-07,0.03710168459787239,0.20913076053034377,0.17202907593247138,MD-04,TX-18,IL-01,MO-01,TN-09,MN-05,NJ-08,CA-14,CA-06,MI-14,CA-51,CA-02,IL-02,WA-09,GA-04,CA-18,WI-04,TX-33,CA-28,CA-11,OR-03,NY-12
MD-08,0.06856620887871812,0.1634531278379218,0.09488691895920368,MD-03,TX-35,MN-04,NJ-12,CA-53,CA-27,MD-02,NV-01,NJ-01,CT-01,CA-41,CA-47,IN-07,FL-23,FL-05,TX-34,WA-02,MD-05,RI-01,OR-01,IL-09,MI-12
ME-01,0.08815426818935086,0.1864511464164272,0.09829687822707635,DE-00,MI-09,OR-01,TN-05,WA-06,NM-03,FL-23,GA-02,KY-03,TX-34,TX-15,CT-01,FL-09,NJ-06,CO-02,MI-05,CT-02,MO-05,FL-22,IN-07,NJ-01,WA-02
ME-02,0.12430026146392455,0.2272933896971049,0.10299312823318034,IL-12,IA-01,MN-08,NY-01,IA-03,MN-01,NY-11,MI-07,MI-11,NE-02,NJ-03,IL-13,TX-23,MI-01,NH-01,MN-02,NY-23,NV-04,CA-10,AZ-02,IA-02,CO-03
MI-01,0.08641944225693654,0.17787751403704738,0.09145807178011084,MI-07,MT-00,IL-12,GA-12,IN-02,KY-06,AR-02,NC-07,WI-06,WI-07,NC-05,CA-01,CO-03,SC-07,NC-13,IA-04,NC-06,FL-06,MI-03,NC-02,MI-06,FL-16
MI-02,0.05428024502523908,0.12926130511487197,0.07498106008963289,FL-08,OH-02,NJ-04,IN-05,OH-15,CO-04,FL-19,KS-02,VA-01,NC-03,TX-31,CA-04,SC-07,OH-12,MO-02,AZ-06,MI-04,WI-08,FL-17,OK-05,NV-02,NM-02
MI-03,0.056011561306573136,0.11644533052037773,0.06043376921380459,MI-06,FL-16,VA-02,VA-05,KY-06,VA-01,IL-13,AR-02,WA-03,CO-03,VA-07,OH-01,MI-08,WA-05,TX-06,OH-14,NM-02,NC-02,SC-07,NC-06,NC-07,MI-11
MI-04,0.09492873642896545,0.1747454148182436,0.07981667838927815,KS-02,SC-07,FL-17,MI-02,WI-06,FL-08,WI-07,NC-10,IA-04,CA-04,NC-11,OH-02,CO-04,FL-19,IN-08,OH-15,MN-06,IN-02,WI-08,FL-11,TX-27,NC-03
MI-05,0.11915063994792482,0.23091331706941462,0.1117626771214898,MI-09,OH-13,RI-02,CT-02,KY-03,CT-03,WA-06,NJ-06,GA-02,DE-00,NM-03,TN-05,ME-01,OR-04,TX-34,CT-01,MD-02,WA-02,OR-01,NM-01,MA-03,FL-05
MI-06,0.056011561306573136,0.1276130479222247,0.07160148661565155,MI-03,MI-08,VA-02,NJ-03,WA-03,IL-13,AR-02,FL-16,NJ-02,CO-03,VA-05,MI-11,IA-03,MI-07,WI-06,OH-01,NJ-11,VA-07,NC-13,WA-05,VA-01,OH-14
MI-07,0.08641944225693654,0.14228058546407518,0.05586114320713864,MI-01,MT-00,CO-03,WI-06,IL-12,NC-13,MI-06,AR-02,FL-06,MI-08,MI-03,WI-07,VA-05,NC-06,NC-05,NC-02,MI-11,FL-16,KY-06,SC-07,WA-05,NJ-03
MI-08,0.07750983808523919,0.13206570334496387,0.05455586525972468,MI-06,MI-11,NC-13,AR-02,IA-03,NJ-03,MI-03,CO-03,VA-07,NC-02,OH-01,WI-06,VA-02,NJ-11,WA-03,MI-07,NJ-07,VA-05,WA-05,IL-13,NC-06,NJ-02
MI-09,0.07808008709011534,0.17377255249319443,0.09569246540307909,DE-00,CT-02,GA-02,WA-06,KY-03,RI-02,MI-05,ME-01,OR-04,NM-03,TN-05,TX-15,FL-09,NJ-06,MO-05,WA-10,CO-07,FL-22,OR-01,TX-34,MA-09,CO-02
MI-10,0.09557468284017467,0.17664796913635886,0.08107328629618418,FL-11,OH-04,IN-04,MO-06,MD-01,NC-03,AL-03,KS-04,CO-04,NE-01,SD-00,FL-08,FL-19,MO-04,AL-05,FL-17,MO-03,MS-01,WI-05,MI-02,TN-03,OH-05
MI-11,0.08038784112040834,0.16051389347966105,0.08012605235925271,IA-03,MI-08,NJ-07,NC-13,CO-03,IL-13,MI-06,NC-02,MI-03,VA-07,NJ-03,VA-05,NJ-11,MN-02,VA-02,MI-07,FL-16,AR-02,OH-01,IL-12,CA-10,IL-14
MI-12,0.08611736178030538,0.1883991374714864,0.10228177569118102,MD-05,MD-02,TX-35,OH-09,NJ-12,FL-05,NJ-09,NV-01,CT-03,CT-01,WI-02,MD-03,MN-04,MA-03,OH-03,MD-08,NJ-01,NC-01,CA-27,NJ-06,TX-34,WA-02
MI-13,0.08614598075360218,0.2291263406943864,0.14298035994078423,MI-14,FL-20,TX-30,NJ-08,MO-01,OH-11,TX-09,TN-09,IL-04,CA-14,IL-02,NJ-10,GA-05,MD-04,IL-07,NY-05,NY-12,CA-12,MD-07,NY-14,WA-07,TX-18
MI-14,0.08304697465892423,0.23576237043366363,0.15271539577473942,MO-01,MI-13,NJ-08,TN-09,TX-30,CA-14,TX-09,FL-20,OH-11,IL-02,MD-04,MD-07,TX-18,IL-04,IL-01,NY-12,WA-07,GA-04,GA-05,CA-28,MN-05,OR-03
MN-01,0.07378089183521715,0.27067061162970757,0.19688971979449044,MN-08,IA-02,NE-02,AZ-01,FL-18,IA-01,ME-02,MN-07,NH-02,NH-01,TX-23,IL-12,OR-05,MI-01,OR-04,NV-04,NJ-05,CT-05,CA-10,MI-07,AZ-02,IA-03
MN-02,0.07513531127239707,0.20816061106751205,0.13302529979511496,NV-03,CA-10,NJ-05,MI-11,NJ-07,IA-03,NH-01,CA-49,CO-06,TX-23,VA-10,NE-02,FL-07,NV-04,NC-13,CO-03,MI-08,MN-03,VA-07,AZ-01,NC-02,AZ-02
MN-03,0.09551211964981203,0.18945829356351757,0.09394617391370554,WA-08,CA-39,VA-10,IL-06,CA-45,NJ-07,CA-21,CA-48,NJ-11,CA-49,CA-10,CO-06,IL-14,VA-02,NJ-02,OH-01,FL-07,VA-07,MI-11,IA-03,TX-07,IL-13
MN-04,0.08958214107733752,0.18020434234501667,0.09062220126767916,MD-08,TX-35,CT-01,MD-02,MD-03,OR-01,NJ-12,NJ-01,NV-01,FL-23,FL-05,IN-07,MI-12,TX-34,WA-02,CA-53,RI-01,CA-41,MA-03,CA-27,CO-02,MD-05
MN-05,0.08746976620524378,0.22228304028872747,0.1348132740834837,TX-18,MD-07,MD-04,IL-01,CA-51,MO-01,WA-09,CA-18,CA-06,CO-01,CA-02,TN-09,NJ-08,CA-11,VA-08,CA-14,WI-04,IL-05,OR-03,TX-33,IL-02,MI-14
MN-06,0.11004512710701918,0.1713266033049158,0.06128147619789663,IN-02,NC-10,IA-04,IN-08,NC-11,FL-17,TX-14,OH-16,KS-02,SC-07,NC-07,SD-00,WI-07,KY-06,GA-12,TX-27,FL-08,MI-04,CA-01,WI-08,CA-04,OH-02
MN-07,0.19158770837399777,0.3805742240352072,0.18898651566120941,MN-01,MN-08,MI-01,FL-18,IL-12,ME-02,IA-02,AZ-01,NE-02,MT-00,MI-07,NY-01,IA-01,GA-12,NH-01,OR-04,NH-02,TX-23,NC-13,OR-05,WA-04,IN-02
MN-08,0.07378089183521715,0.24427044438490714,0.17048955254969,MN-01,ME-02,IA-02,IA-01,NE-02,AZ-01,IL-12,NH-01,NH-02,FL-18,TX-23,MI-01,MN-07,NJ-05,MI-07,NV-04,CA-10,MN-02,IA-03,NC-13,NY-01,OR-05
MO-01,0.077292981570127,0.21905130677537638,0.1417583252052494,NJ-08,TN-09,MI-14,MD-04,MD-07,TX-18,CA-14,IL-01,MI-13,IL-02,MN-05,TX-30,TX-09,NY-12,FL-20,OH-11,GA-04,OR-03,WI-04,CA-28,TX-33,CA-02
MO-02,0.04815521778582254,0.11504142732076994,0.0668862095349474,TX-10,TX-31,CA-42,VA-01,TX-06,IN-05,AZ-06,OK-05,TX-24,GA-07,TX-25,NV-02,FL-03,IL-14,TX-22,OH-01,VA-07,WA-05,NM-02,VA-05,TX-02,OH-14
MO-03,0.043940471094425025,0.13140810477287918,0.08746763367845414,MO-04,IN-06,MS-01,KY-04,MO-06,SC-03,IN-03,OK-04,TN-08,MS-04,IN-04,AZ-04,TN-03,AL-05,WV-01,MO-07,MD-01,AL-03,FL-01,FL-11,ID-01,TN-07
MO-04,0.043940471094425025,0.14746146954374212,0.10352099844931709,MO-03,MS-01,IN-06,MO-06,KY-04,IN-04,IN-03,SC-03,MD-01,TN-03,TN-08,AL-05,OK-04,FL-11,OH-04,AL-03,MS-04,AZ-04,WV-01,ID-01,TX-12,MO-07
MO-05,0.05900601664237291,0.1532234805765748,0.0942174639342019,TX-15,WA-10,MD-06,FL-09,CO-07,GA-02,CA-03,CA-09,CO-02,IL-11,CA-16,CT-04,FL-22,IN-07,IL-08,DE-00,NJ-06,MI-09,TX-34,NM-03,CA-26,WA-01
MO-06,0.06224275058189513,0.13321983711144533,0.0709770865295502,MD-01,MS-01,MO-04,IN-04,FL-11,MO-03,KY-04,AL-03,TN-03,OH-04,IN-03,IN-06,NC-03,NE-01,WI-05,MI-10,SC-03,KS-04,AL-05,TX-12,TN-08,CO-04
MO-07,0.10210673337248626,0.18313119614090878,0.08102446276842253,MS-04,AZ-04,MO-03,IN-06,FL-01,OK-04,KY-01,WV-01,ID-01,OK-02,SC-03,KY-04,TN-03,TN-08,WY-00,MO-04,TN-07,IN-03,MS-01,IN-04,MO-08,MO-06
MO-08,0.12380553299428906,0.2426021331315947,0.11879660013730564,KY-01,TX-01,TN-07,OK-02,MO-07,OK-03,AZ-04,AL-06,TN-06,OK-04,SC-03,TN-02,FL-01,MS-04,TN-08,MO-03,IN-03,IN-06,NE-03,TX-36,IL-15,WY-00
MS-01,0.054154455033727414,0.14996281205685633,0.09580835702312891,MO-04,MO-06,KY-04,MO-03,IN-06,IN-04,AL-03,MD-01,TN-03,FL-11,IN-03,OH-04,SC-03,AL-05,TN-08,WV-01,NC-03,OK-04,TX-12,AZ-04,OH-05,MS-04
MS-02,0.13693337796169355,0.24168073982011887,0.10474736185842531,TX-28,TX-16,MA-04,VT-00,MA-08,SC-06,OH-09,NY-06,NJ-09,CA-30,NC-01,MD-05,MI-12,CA-33,CA-15,IN-01,FL-05,OH-03,VA-03,NC-12,CA-20,NJ-12
MS-03,0.07680019531225164,0.2404973830418951,0.16369718772964348,SC-04,CA-23,VA-06,TX-26,GA-11,OH-08,TX-17,FL-12,SC-02,KY-02,SC-01,CO-05,IL-16,AR-01,GA-01,CA-08,MD-01,IL-18,VA-09,OH-07,TX-12,OR-02
MS-04,0.0888761779106189,0.16755269320425734,0.07867651529363844,FL-01,OK-04,TN-08,AZ-04,MO-03,MO-07,MO-04,WY-00,SC-03,AL-05,TN-07,TX-12,KY-01,IN-06,IN-03,MS-01,KY-04,IN-04,OK-02,TN-03,MO-06,ID-01
MT-00,0.07947996602918243,0.13284174795597964,0.053361781926797205,CA-01,MI-07,MI-01,NC-05,IN-02,WI-06,KY-06,NC-06,CO-03,NC-07,FL-06,SC-07,WI-07,IN-09,OK-05,WA-05,TX-25,TX-06,AR-02,IA-04,NC-02,TX-14
NC-01,0.07577882289927712,0.20709582624958905,0.13131700335031193,NC-04,NC-12,NJ-09,WI-02,WA-09,CO-01,CA-06,OH-03,MD-05,CA-51,IL-05,CA-11,MI-12,OH-09,SC-06,IL-09,CA-02,CA-18,NJ-12,TX-35,TX-16,CA-20
NC-02,0.05264826682807329,0.12875449506716263,0.07610622823908934,NC-13,VA-07,NC-06,VA-05,FL-16,NC-05,TX-06,OH-01,WA-05,CO-03,MI-03,FL-06,MI-08,MI-11,NC-08,CA-42,KY-06,AR-02,NJ-07,CA-01,TX-10,IL-14
NC-03,0.05378154888063387,0.13385912370847203,0.08007757482783816,FL-19,FL-08,NE-01,WI-05,FL-11,CO-04,OH-02,AL-03,MI-02,OH-04,SD-00,OH-05,MD-01,MO-06,FL-17,NJ-04,AZ-05,NC-11,OH-15,IN-04,TX-27,MS-01
NC-04,0.07250213789951301,0.2214244799305172,0.14892234203100418,NC-12,NC-01,WI-02,NJ-09,WA-09,CO-01,IL-09,IL-05,CA-51,CA-11,CA-06,OH-03,MD-05,CA-18,TX-35,MI-12,CA-02,OH-09,NJ-12,FL-05,VA-08,TX-16
NC-05,0.05512331630081775,0.11591986456168767,0.060796548260869915,CA-01,NC-06,FL-06,NC-08,TX-06,KY-06,VA-05,FL-16,NC-02,MT-00,TX-14,NC-07,WA-05,CA-42,TX-25,SC-07,WI-06,VA-01,OK-05,CA-04,WI-07,IN-02
NC-06,0.0590719899783306,0.11455201875130797,0.05548002877297736,NC-05,WA-05,TX-06,WI-06,NC-02,FL-06,CA-01,CA-04,VA-05,FL-16,SC-07,TX-25,NC-13,OK-05,KY-06,VA-07,CA-42,VA-01,MT-00,AR-02,NC-08,MI-03
NC-07,0.05775106059632146,0.13843919242757804,0.08068813183125659,KY-06,IN-02,TX-14,NC-08,FL-16,SC-07,NC-05,GA-12,WI-07,CA-01,FL-06,OH-16,VA-01,MI-03,WI-08,VA-05,NC-10,IA-04,MT-00,TX-06,NC-06,CA-04
NC-08,0.061457831071393985,0.11969262717477631,0.05823479610338233,FL-06,FL-16,VA-05,NC-05,CA-42,VA-01,NC-07,TX-06,KY-06,WI-08,CA-01,TX-14,VA-07,OH-14,OH-01,NC-06,MO-02,NC-02,CO-03,MI-03,SC-07,WA-05
NC-09,0.11812429893971858,0.3096455312127078,0.19152123227298923,FL-15,GA-01,TX-21,SC-01,SC-02,TX-32,KS-03,TX-17,CO-05,CA-08,AK-00,OH-07,AR-04,VA-06,FL-12,CA-25,WA-04,IL-16,AR-01,WI-06,NC-06,MI-08
NC-10,0.05913011077276959,0.13865395775094194,0.07952384697817236,NC-11,FL-17,TX-14,TX-27,SC-07,IA-04,IN-02,SD-00,CA-01,MN-06,FL-08,FL-19,CA-04,NC-07,KS-02,NC-05,WI-07,KY-06,IN-08,OH-16,TX-25,OH-02
NC-11,0.05523576739758398,0.15632171954018423,0.10108595214260024,FL-17,NC-10,SD-00,TX-27,IN-08,FL-19,TX-14,AL-03,FL-11,IA-04,FL-08,NC-03,MN-06,OH-04,IN-02,IN-04,CO-04,SC-07,TN-03,CA-01,KS-04,TN-04
NC-12,0.07250213789951301,0.23008373475758767,0.15758159685807466,NC-04,NC-01,NJ-09,WI-02,WA-09,CO-01,SC-06,OH-03,VA-03,CA-06,CA-51,CA-20,IL-09,CA-11,MD-05,IL-05,TX-16,CA-18,OH-09,MI-12,TX-33,NJ-12
NC-13,0.05264826682807329,0.13697357409369154,0.08432530726561825,NC-02,VA-07,VA-05,MI-08,FL-16,MI-11,NC-06,CO-03,MI-07,OH-01,FL-06,MI-03,NC-05,NJ-07,WA-05,MI-06,IL-13,NJ-03,AR-02,TX-06,VA-02,WI-06
ND-00,0.13075433071221768,0.2209176430256307,0.09016331231341301,OH-06,TN-03,IN-08,IN-06,WV-01,KY-04,IN-04,FL-02,MS-01,OH-04,MO-06,MO-04,IN-03,MN-06,WV-03,FL-11,ID-01,TN-04,AL-03,MO-03,OH-05,NC-11
NE-01,0.067834909891589,0.15703517121969848,0.08920026132810949,WI-05,OR-02,NC-03,MD-01,FL-19,MO-06,OH-05,CO-04,OH-12,FL-08,NJ-04,MI-02,IL-18,AZ-05,FL-11,OH-15,OH-02,CA-50,CA-22,MI-10,OH-04,AL-03
NE-02,0.09005129094021916,0.20315526082284951,0.11310396988263036,TX-23,AZ-01,NH-01,NJ-05,CA-10,NH-02,AZ-02,MN-02,CA-07,FL-18,MN-08,NV-04,MN-01,MI-11,OR-05,IA-03,CO-06,IA-02,IA-01,CT-05,NC-13,ME-02
NE-03,0.11172486294464631,0.3058337232059277,0.1941088602612814,TX-36,KY-05,TN-06,IL-15,GA-09,TN-01,KS-01,OK-03,MO-08,TX-01,KY-02,AL-06,TN-02,OH-08,KY-01,TX-04,TN-07,GA-14,VA-09,TX-19,AL-04,AZ-04
NH-01,0.10546470973742827,0.21411937091258237,0.1086546611751541,TX-23,AZ-01,NV-04,NE-02,MN-02,NH-02,NJ-05,CA-10,CT-05,NV-03,CO-06,IA-02,IA-03,IA-01,CA-07,MI-11,MN-08,OR-05,ME-02,AZ-02,NY-01,MN-01
NH-02,0.10114079295714466,0.20336068941661267,0.10221989645946801,CT-05,AZ-01,IA-02,OR-05,NV-04,CA-07,TX-23,NH-01,NE-02,CO-07,OR-04,WA-01,IA-01,IL-17,WA-10,CA-03,NY-03,FL-09,CA-24,CA-10,MD-06,MN-01
NJ-01,0.06936418384151866,0.1681963435987834,0.09883215975726475,CT-01,IN-07,MD-02,TX-34,MD-03,FL-05,FL-23,MD-08,NJ-12,MN-04,NJ-06,NV-01,WA-02,OR-01,CA-41,RI-01,TX-35,CT-03,TN-05,TX-15,CO-02,MI-12
NJ-02,0.09740305436689353,0.16657627382073362,0.06917321945384008,WA-03,MI-06,WA-08,VA-02,NJ-11,OH-01,NJ-03,OH-14,IL-13,MI-08,MI-03,VA-05,OH-10,IA-03,IL-14,FL-16,NM-02,VA-07,CO-03,MI-11,NJ-07,VA-01
NJ-03,0.07992881207674742,0.167095496647875,0.0871666845711276,MI-06,VA-02,IL-13,IA-03,MI-08,MI-03,NJ-02,MI-11,NC-13,WA-03,AR-02,MI-07,FL-16,IL-12,VA-05,NJ-11,OH-01,CO-03,NC-02,AZ-02,VA-07,NJ-07
NJ-04,0.06497245570239743,0.13680235743582783,0.0718299017334304,OH-15,MI-02,OH-02,OH-12,IN-05,FL-08,OH-10,CA-22,NC-03,CA-50,OH-14,VA-01,NV-02,WI-08,FL-19,MO-02,NM-02,AZ-06,TX-31,NE-01,CO-04,WI-01
NJ-05,0.11111167805410913,0.2209656308116717,0.10985395275756257,MN-02,CA-10,NV-03,CA-49,TX-23,NE-02,NH-01,AZ-01,VA-10,FL-07,NJ-07,NV-04,CA-07,MI-11,NC-13,CO-06,IA-03,NH-02,CT-05,NC-02,IA-02,MN-08
NJ-06,0.07215767457450382,0.14998861623469967,0.07783094166019584,TX-34,GA-02,WA-02,KY-03,TN-05,NM-03,MD-02,IN-07,CT-03,CT-01,WA-06,MA-03,NJ-01,OR-01,NM-01,TX-15,MI-09,MO-05,RI-02,CA-41,FL-05,RI-01
NJ-07,0.09255757667527822,0.14961111255518422,0.057053535879906,NJ-11,MI-11,CA-48,VA-07,MN-03,CA-45,VA-10,MI-08,OH-01,NC-13,NC-02,IL-14,CA-49,WA-08,TX-07,IA-03,MN-02,CA-10,VA-05,IL-06,VA-02,CO-03
NJ-08,0.07644341044197332,0.22234117927185695,0.14589776882988365,TN-09,MO-01,MI-14,CA-14,MD-07,TX-18,IL-02,MD-04,MI-13,IL-01,TX-30,TX-09,MN-05,FL-20,CA-28,OR-03,CA-02,OH-11,GA-04,CA-06,NY-12,CA-05
NJ-09,0.08812644325059314,0.20531948275796913,0.11719303950737599,NC-01,MD-05,WI-02,OH-09,MI-12,OH-03,NC-04,NC-12,NJ-12,CO-01,TX-35,FL-05,WA-09,CA-06,IL-05,CA-38,CA-51,CA-11,MS-02,IL-09,MD-02,NV-01
NJ-10,0.08953814829445603,0.31053953854541616,0.22100139025096013,IL-07,GA-05,CA-12,CA-13,NY-05,MI-13,FL-20,OH-11,IL-04,MI-14,NY-07,NY-08,TX-09,TX-30,MA-07,NY-09,NY-15,CA-37,WA-07,NY-13,NJ-08,CA-14
NJ-11,0.06912221061279795,0.13723064526555287,0.06810843465275492,OH-01,IL-14,CA-48,WA-08,VA-07,NJ-07,CA-45,VA-02,WA-03,NJ-02,IL-06,VA-05,MI-08,MI-03,FL-16,MI-06,MI-11,MO-02,NC-02,IL-13,VA-01,MN-03
NJ-12,0.0723291780680522,0.17225356309812584,0.09992438503007364,TX-35,MD-05,NV-01,MD-08,MD-03,MD-02,MI-12,OH-03,FL-05,CA-27,MN-04,NJ-01,CT-01,WI-02,CA-53,CA-38,IL-09,NJ-09,CA-41,OH-09,IN-07,RI-01
NM-01,0.08591620918080592,0.17801484488659924,0.09209863570579332,NM-03,WA-02,WA-06,KY-03,NJ-06,TN-05,TX-34,CO-02,OR-01,MA-03,CA-41,WA-10,GA-02,AZ-09,IL-11,MO-05,IN-07,TX-15,CA-03,CT-04,FL-22,IL-08
NM-02,0.070425741032665,0.1246191197208519,0.05419337868818691,WA-03,OH-14,VA-01,WA-05,WI-08,IL-14,OH-01,OH-15,MO-02,OH-10,NV-02,MI-03,IN-05,CA-42,OH-02,FL-16,VA-05,CA-04,WI-01,AZ-06,TX-06,OH-16
NM-03,0.06943291726551608,0.16567211593988893,0.09623919867437285,WA-06,NM-01,WA-02,KY-03,TN-05,NJ-06,TX-34,GA-02,OR-01,MI-09,CO-02,DE-00,WA-10,TX-15,MO-05,IN-07,ME-01,MD-02,FL-22,MA-03,CT-01,FL-09
NV-01,0.09230880239717122,0.1743172969042372,0.08200849450706597,NJ-12,MD-02,TX-35,MD-03,CT-01,MD-08,MI-12,MD-05,MN-04,NJ-01,IN-07,CA-53,CA-27,CA-41,RI-01,MA-03,FL-05,CA-38,WA-02,TX-34,CT-03,OH-03
NV-02,0.08519642011258449,0.13985782066084113,0.05466140054825663,MO-02,VA-01,IN-05,OH-14,NM-02,CA-42,TX-31,FL-03,NJ-04,TX-10,MI-02,IL-14,OK-05,WI-08,TX-06,OH-01,VA-05,OH-10,NC-08,AZ-06,CO-03,WA-05
NV-03,0.07513531127239707,0.22456996682548622,0.14943465555308916,MN-02,NJ-05,FL-07,CA-10,CA-49,NJ-07,MI-11,VA-10,NH-01,TX-23,CO-06,IA-03,NV-04,CO-03,MN-03,NC-13,VA-07,NE-02,NC-02,MI-08,NY-19,NJ-11
NV-04,0.10645738584053244,0.20336715565695462,0.09690976981642219,NH-02,CT-05,TX-23,NH-01,CA-07,AZ-01,IA-02,CO-06,OR-05,CA-10,IA-01,NE-02,CO-07,NY-03,MN-02,MD-06,NJ-05,WA-01,CA-24,CA-03,NV-03,WA-10
NY-01,0.0880617113165535,0.25588028450820516,0.16781857319165167,NY-11,NY-23,NY-19,IL-12,ME-02,NY-02,NY-24,IA-03,NY-21,MI-11,MI-07,NH-01,MI-01,NY-18,CO-03,MN-08,MN-02,NE-02,TX-23,NY-27,MI-06,MI-08
NY-02,0.1209803909730829,0.2560247253684691,0.1350443343953862,NY-23,NY-11,NY-21,NY-19,NY-01,NY-24,CO-03,NY-27,IA-03,MI-11,MI-06,IL-12,MI-07,MI-08,NJ-02,MI-03,NV-02,VA-05,OH-14,IL-13,NJ-03,AR-02
NY-03,0.14048119091180858,0.2404461062275703,0.09996491531576171,NY-18,CT-05,OR-05,MA-09,NV-04,NY-25,AZ-01,NH-02,OR-04,CO-07,MD-06,CT-02,NH-01,FL-09,TX-23,TX-15,MI-09,DE-00,IA-02,AZ-09,CA-03,WA-01
NY-04,0.16468978413975774,0.33086150425820166,0.16617172011844392,NY-17,MA-06,MA-09,NY-20,NY-25,NY-03,CT-02,IN-01,MI-09,TX-15,RI-02,MO-05,MA-04,DE-00,CT-03,CT-01,MD-06,OR-01,ME-01,FL-09,CO-07,GA-02
NY-05,0.09536927079777853,0.27907504591059373,0.18370577511281522,NY-07,NY-08,NY-09,NY-13,NJ-10,CA-12,IL-07,GA-05,MI-13,MA-07,FL-20,CA-13,OH-11,IL-04,NY-15,TX-30,CA-37,WA-07,NY-14,MI-14,TX-09,NY-12
NY-06,0.18944076910739147,0.29639087367866107,0.1069501045712696,MS-02,NY-26,TX-16,MA-04,CA-30,MA-08,VT-00,CA-15,SC-06,MI-12,NJ-09,TX-28,MD-05,CA-33,CO-01,IL-05,NC-01,NV-01,OR-03,NJ-12,CA-20,OH-03
NY-07,0.09536927079777853,0.3170241177733959,0.22165484697561738,NY-05,NY-08,NY-13,NY-09,MA-07,NJ-10,CA-12,IL-07,CA-34,GA-05,NY-15,NY-12,MI-13,CA-13,NY-14,CA-37,WA-07,FL-20,OH-11,TX-30,MI-14,IL-04
NY-08,0.07032396462088866,0.33010083875991597,0.2597768741390273,NY-09,NY-05,NY-07,MA-07,NY-13,NJ-10,MI-13,NY-14,CA-12,NY-15,IL-07,GA-05,CA-37,CA-13,FL-20,NY-12,TX-30,WA-07,IL-04,OH-11,MI-14,CA-34
NY-09,0.07032396462088866,0.30747121867339067,0.237147254052502,NY-08,NY-05,NY-07,MA-07,NY-14,MI-13,NY-13,NJ-10,CA-12,NY-12,TX-30,FL-20,IL-07,GA-05,CA-37,WA-07,MI-14,IL-04,CA-34,OH-11,TX-09,NY-10
NY-10,0.12616943097478098,0.27369416325526574,0.14752473228048477,NY-14,NY-16,OR-03,NY-12,WI-04,MO-01,MN-05,CA-19,TX-18,TX-33,MD-07,TX-30,CA-28,CA-17,CA-43,MD-04,NJ-08,GA-04,CA-20,CA-05,AZ-07,TX-09
NY-11,0.0880617113165535,0.25189825326905313,0.16383654195249964,NY-01,NY-23,NY-02,NY-21,NY-19,NY-24,IL-12,IA-03,ME-02,MI-11,MI-07,MI-06,MI-08,CO-03,NJ-03,AR-02,MI-01,NH-01,MI-03,MN-02,NY-27,IL-13
NY-12,0.17447759168443375,0.2725395435757902,0.09806195189135644,MO-01,NY-10,NY-14,TN-09,MI-14,MD-04,TX-18,MD-07,NJ-08,IL-02,CA-14,WA-07,MI-13,MN-05,TX-30,TX-09,CA-43,IL-01,FL-20,NY-09,OH-11,NY-07
NY-13,0.1480842834334556,0.4281578129761269,0.2800735295426713,NY-07,NY-15,NY-05,NY-08,MA-07,NY-09,CA-13,IL-07,NJ-10,CA-12,CA-37,GA-05,CA-34,MI-13,WA-07,NY-12,IL-04,FL-20,OH-11,NY-14,TX-30,MI-14
NY-14,0.12616943097478098,0.277991627571767,0.151822196596986,NY-10,NY-12,NY-16,OR-03,NY-09,TX-30,MO-01,MI-13,NJ-08,MI-14,TX-09,WI-04,FL-20,WA-07,NY-08,NY-05,MD-04,TN-09,MD-07,TX-18,AZ-07,IL-02
NY-15,0.1640778711846909,0.4983630014858647,0.3342851303011738,NY-13,CA-13,NY-05,NY-07,NJ-10,NY-08,MA-07,IL-07,CA-12,NY-09,GA-05,CA-37,MI-13,IL-04,FL-20,OH-11,WA-07,CA-34,TX-30,MI-14,TX-09,NY-12
NY-16,0.17584537330421862,0.33938754765017526,0.16354217434595664,NY-10,MA-05,CA-17,NY-14,AZ-07,CA-35,OR-03,TX-29,CA-29,WI-04,NY-12,GA-13,MN-05,CA-20,TX-33,CA-19,AL-07,NJ-08,NY-09,MO-01,CA-28,NY-06
NY-17,0.16468978413975774,0.3148796516131203,0.15018986747336258,NY-04,MA-06,IN-01,AZ-03,NY-20,MA-09,NY-25,CT-01,ME-01,CA-46,VA-11,OR-01,MA-04,DE-00,CT-03,CT-02,MN-04,NY-03,CA-32,FL-14,MI-09,TX-28
NY-18,0.14048119091180858,0.29981892035026736,0.15933772943845878,NY-03,CT-05,NH-01,NV-04,NY-19,NY-01,AZ-01,NY-25,OR-05,NH-02,MA-09,TX-23,NY-24,NE-02,OR-04,NY-11,IA-02,CT-02,MN-02,NY-23,ME-02,CO-07
NY-19,0.12653432340673418,0.29098688973903963,0.16445256633230546,NY-23,NY-01,NY-02,NY-11,NY-24,MN-02,NV-03,NY-18,NH-01,IA-03,MI-11,ME-02,NY-21,IL-12,CO-03,NV-04,CO-06,NY-27,MI-07,TX-23,NJ-05,MI-08
NY-20,0.1998827281182644,0.2672410803001664,0.067358352181902,CT-03,MA-09,NY-25,RI-02,NY-26,CT-02,CT-01,MA-03,OR-01,NV-01,MI-09,NY-04,MD-02,NJ-06,ME-01,IN-07,TX-15,MO-05,MN-04,MI-05,KY-03,TN-05
NY-21,0.15763568758374483,0.3106241458740773,0.15298845829033245,NY-02,NY-11,NY-23,NY-27,NY-01,NY-24,NY-19,IL-12,MI-06,MI-07,IA-03,ME-02,CO-03,MI-03,KS-02,AR-02,MI-11,NJ-03,MI-01,MI-08,WI-01,IN-02
NY-22,0.287975459023855,0.39605400042165967,0.10807854139780465,KS-03,AK-00,TX-21,NY-02,NY-23,NY-19,NC-09,FL-15,SC-01,FL-13,NY-11,AR-04,CA-25,MI-08,SC-02,NY-01,WI-06,CO-03,CA-08,GA-01,TX-17,FL-03
NY-23,0.11384144675819964,0.24685706390541068,0.13301561714721105,NY-01,NY-11,NY-02,NY-19,NY-27,IL-12,NY-21,CO-03,MI-07,MI-11,IA-03,ME-02,MI-01,MT-00,AK-00,MN-02,MI-06,NY-24,MI-08,MI-03,AR-02,WI-06
NY-24,0.17499181409425985,0.28290806810693825,0.1079162540126784,NY-11,NY-19,CO-06,NY-01,NY-02,IA-03,ME-02,NV-04,NY-23,FL-26,NH-01,NY-21,MI-11,MN-02,IA-01,TX-23,IL-12,NY-18,NV-03,NJ-03,CA-10,AZ-02
NY-25,0.13652349614626785,0.23111673457367815,0.0945932384274103,MA-09,TX-15,NY-03,MD-06,MO-05,CO-02,CO-07,NY-20,CT-04,CT-05,IN-07,OR-01,CA-09,FL-09,ME-01,DE-00,CA-16,WA-10,IL-08,IL-11,CA-03,CT-02
NY-26,0.20160095485884985,0.31013905752097737,0.10853810266212752,NY-06,NY-20,MI-12,CT-03,NV-01,MA-03,OH-09,MA-08,NJ-09,MA-04,MS-02,MD-05,MD-02,CT-01,TX-35,TX-28,NJ-12,OH-13,VT-00,FL-05,MN-04,NC-01
NY-27,0.17506230319517677,0.2859422056989838,0.11087990250380705,NY-23,NY-21,NY-02,IN-09,IN-02,NY-11,NY-01,MT-00,KS-02,CO-03,MI-07,OK-05,MI-01,NY-19,NC-07,IL-12,NV-02,TX-25,SC-07,VA-01,CO-04,AK-00
OH-01,0.058661614365784424,0.11633943871275976,0.05767782434697533,VA-07,IL-14,VA-05,NJ-11,WA-03,FL-16,CA-42,WA-05,OH-14,CA-48,VA-01,MO-02,MI-03,TX-06,NC-02,NM-02,VA-02,FL-06,NC-08,CO-03,MI-08,NC-13
OH-02,0.053426678728889745,0.13395962078178633,0.08053294205289659,OH-15,FL-08,MI-02,NJ-04,OH-16,IN-05,WI-08,WI-01,VA-01,OH-12,NC-03,OH-14,FL-19,NM-02,OH-10,SC-07,CO-04,CA-22,KS-02,CA-04,TX-14,FL-17
OH-03,0.07858759444085313,0.179872343621803,0.10128474918094986,WI-02,MD-05,CA-38,NJ-12,IL-09,CO-01,NJ-09,IL-05,CA-11,CA-27,TX-35,NC-01,CA-51,MI-12,WA-09,VA-08,CA-18,CA-53,NV-01,NC-04,OH-09,MD-08
OH-04,0.07577869093617279,0.14949503336231612,0.07371634242614333,FL-11,IN-04,AL-03,MO-06,SD-00,MS-01,NC-03,OH-05,MO-04,MI-10,IN-08,MD-01,IN-06,KY-04,TN-03,NC-11,MO-03,WV-01,FL-17,CO-04,FL-19,FL-08
OH-05,0.11496723446269372,0.17652474330812662,0.0615575088454329,NC-03,OH-04,NE-01,CO-04,MO-06,OR-02,FL-08,OH-02,MS-01,FL-19,OH-15,MD-01,FL-11,WI-05,OH-12,SD-00,MI-02,MO-04,NJ-04,IN-04,AL-03,OH-16
OH-06,0.13075433071221768,0.2263284118267081,0.09557408111449042,ND-00,IN-08,WV-01,OH-04,IN-06,TN-04,TN-03,WV-03,MN-06,KY-04,FL-11,NC-11,AL-03,IN-04,MS-01,FL-02,SD-00,MO-04,MO-03,FL-17,OH-05,MO-06
OH-07,0.16166961681157035,0.3026785278971735,0.14100891108560312,AR-01,IL-16,CO-05,FL-12,VA-06,SC-02,SC-04,VA-09,GA-01,MS-03,KY-02,SC-01,TX-17,OH-08,GA-11,NC-09,TX-26,MI-04,FL-15,TX-21,AR-04,MI-10
OH-08,0.09517127323935515,0.25038913964068016,0.155217866401325,KY-02,SC-04,TX-26,MS-03,GA-11,IL-15,KS-01,CA-23,VA-09,VA-06,TN-06,TN-07,TN-02,AR-01,FL-12,TX-12,IL-18,TX-36,OK-04,OH-07,TN-08,IL-16
OH-09,0.1037036161375292,0.2169031926920395,0.11319957655451031,MI-12,NJ-09,FL-05,MD-05,CT-03,MD-02,WI-02,NJ-12,OH-13,NC-01,OH-03,TX-35,MS-02,CT-01,NV-01,MD-03,TX-28,MA-03,NJ-01,NJ-06,NC-04,NC-12
OH-10,0.09135660895633113,0.16403514867247196,0.07267853971614083,WI-01,OH-14,OH-15,NJ-04,OH-12,NM-02,OH-02,WA-03,IN-05,VA-01,NV-02,CA-22,MI-02,WI-08,NJ-02,MO-02,OH-01,OH-16,IL-14,NJ-11,MI-03,FL-08
OH-11,0.0523169696417902,0.26407366633195367,0.21175669669016348,FL-20,TX-09,TX-30,IL-04,MI-14,MI-13,GA-05,CA-12,MO-01,NJ-08,GA-04,CA-14,WA-07,IL-07,NJ-10,TN-09,CA-28,MD-04,NY-05,MD-07,IL-02,TX-18
OH-12,0.06858870169350047,0.17162396394443286,0.10303526225093239,CA-22,NJ-04,OH-15,OH-10,OH-02,IN-05,MI-02,NE-01,WI-01,WI-05,FL-08,OR-02,NC-03,CA-50,CO-04,OH-05,FL-19,NM-02,OH-14,NV-02,VA-01,AZ-06
OH-13,0.12806111822094948,0.25387264523772546,0.12581152701677598,MI-05,CT-03,OH-09,NJ-06,KY-03,FL-05,TN-05,RI-02,NM-03,MI-12,MD-02,MI-09,MA-03,GA-02,WA-06,IN-01,CT-02,CT-01,TX-34,TX-28,WA-02,IL-03
OH-14,0.07779492271350359,0.12449094344569803,0.046696020732194435,WI-08,VA-01,NM-02,WA-03,OH-10,OH-01,VA-05,OH-15,NV-02,FL-16,MI-03,OH-16,OH-02,NC-08,MO-02,FL-06,IN-05,WI-01,NJ-04,IL-14,WI-07,SC-07
OH-15,0.053426678728889745,0.1457374522900685,0.09231077356117874,OH-02,NJ-04,MI-02,WI-08,OH-10,FL-08,OH-14,WI-01,OH-12,OH-16,NM-02,IN-05,VA-01,CA-22,NC-03,SC-07,FL-19,WA-03,NE-01,CA-04,WI-07,KS-02
OH-16,0.07672620152203552,0.13956749263349252,0.062841291111457,WI-08,OH-02,SC-07,WI-01,OH-15,NC-07,KY-06,OH-14,WI-07,VA-01,TX-14,FL-08,NM-02,FL-16,NC-10,IN-02,KS-02,MN-06,MI-02,NC-08,MI-03,IA-04
OK-01,0.07755321560064413,0.3676071595467096,0.29005394394606543,GA-10,GA-03,GA-08,AL-01,TX-05,FL-04,TX-03,AZ-08,CA-23,GA-14,TX-26,MS-03,TX-04,FL-25,OH-08,GA-11,IL-18,TN-02,TX-19,FL-01,SC-04,TX-12
OK-02,0.1298606175867033,0.22999533690925125,0.10013471932254794,KY-01,MO-07,IN-06,AZ-04,MS-04,MO-08,SC-03,MO-03,TX-01,OK-04,TN-07,MO-04,TN-08,AL-06,IN-03,KY-04,FL-01,WV-01,MS-01,WY-00,TN-03,ID-01
OK-03,0.1160014870594339,0.2851074008159031,0.16910591375646916,TX-01,AL-06,MO-08,TN-01,TX-36,NE-03,KY-01,KY-05,TN-06,TN-02,GA-09,TN-07,AZ-04,OK-02,OK-04,FL-01,SC-03,IL-15,TX-19,TN-08,TX-04,MO-07
OK-04,0.0414883718648973,0.16046460668945034,0.11897623482455304,TN-08,AZ-04,TN-07,TX-12,FL-01,SC-03,MS-04,MO-03,IN-03,MO-04,TN-02,KY-04,KY-01,MO-07,MS-01,MO-06,IN-06,AL-05,MD-01,IL-18,TX-01,ID-01
OK-05,0.046910340011558256,0.121069422233692,0.07415908222213374,TX-25,TX-06,TX-10,TX-31,MO-02,VA-01,CA-04,WA-05,CA-42,AZ-06,NC-06,CA-01,FL-03,IN-05,WI-06,NC-05,TX-24,KS-02,GA-07,SC-07,MI-03,CO-03
OR-01,0.09540791371788829,0.1508699605620681,0.055462046844179824,TX-34,TN-05,WA-02,CO-02,CT-01,NM-03,IN-07,FL-23,MN-04,ME-01,MD-02,KY-03,TX-15,NJ-06,NJ-01,WA-06,MA-03,MD-03,CT-04,IL-11,NM-01,DE-00
OR-02,0.07867556799922068,0.19513863020939762,0.11646306221017694,NE-01,WI-05,IL-18,MD-01,OH-05,OH-12,NC-03,MO-06,CA-22,CO-04,TX-12,FL-19,NJ-04,MS-01,CA-50,AZ-05,MI-02,MI-10,IN-03,OH-15,FL-08,OH-04
OR-03,0.10627628057332451,0.22406029392219404,0.11778401334886952,CA-28,CA-05,TX-33,WI-04,CA-20,GA-04,NY-10,CA-19,CA-15,NJ-08,SC-06,TX-30,MO-01,MD-07,TX-18,NY-14,MN-05,TX-09,CA-06,MD-04,AZ-07,HI-02
OR-04,0.09899553020212577,0.20292387735306067,0.1039283471509349,OR-05,MI-09,CT-02,IL-17,CT-05,DE-00,CO-07,WA-10,NH-02,IA-02,WA-06,FL-09,CA-36,AZ-01,GA-02,CA-03,RI-02,FL-22,NY-03,MA-09,MO-05,MI-05
OR-05,0.09440963933836416,0.18587938293420278,0.09146974359583862,CT-05,OR-04,NH-02,AZ-01,CO-07,IA-02,WA-01,FL-09,WA-10,NY-03,NV-04,CA-03,CA-07,IL-17,CA-36,FL-22,AZ-09,MI-09,MD-06,DE-00,TX-23,NE-02
RI-01,0.09074780989092794,0.1874557147701825,0.09670790487925456,CA-41,CA-47,WA-02,IN-07,TX-34,MD-02,CA-53,NV-01,NJ-06,MD-08,NJ-01,MD-03,CT-01,TX-35,CA-27,NJ-12,MN-04,OR-01,CO-02,IL-11,FL-23,MA-03
RI-02,0.11659058709861612,0.19782487204595886,0.08123428494734274,MI-09,CT-02,MI-05,NJ-06,WA-06,GA-02,MA-09,CT-03,KY-03,NM-03,DE-00,TX-15,MO-05,TN-05,NM-01,ME-01,TX-34,OR-04,CO-07,CO-02,CT-01,WA-02
SC-01,0.057732313308926024,0.26791008752937995,0.21017777422045392,SC-02,TX-17,TX-21,GA-01,FL-15,VA-06,CO-05,FL-12,CA-08,TX-32,SC-04,MS-03,NC-09,IL-16,GA-11,OH-07,KS-03,TX-26,CA-23,AR-01,AR-04,FL-03
SC-02,0.057732313308926024,0.27319090623591413,0.2154585929269881,SC-01,TX-17,GA-01,TX-21,VA-06,SC-04,CO-05,FL-12,MS-03,FL-15,GA-11,IL-16,CA-08,OH-07,NC-09,AR-01,TX-26,CA-23,TX-32,AR-04,OH-08,KY-02
SC-03,0.07200784679463759,0.150813245439517,0.0788053986448794,AZ-04,KY-04,OK-04,MO-03,TN-08,TN-07,IN-03,MO-04,MS-01,IN-06,TX-12,KY-01,FL-01,MO-06,MS-04,AL-05,MO-07,TN-02,WV-01,MD-01,ID-01,TN-03
SC-04,0.07569135518670554,0.2449446774273733,0.16925332224066775,VA-06,MS-03,TX-26,GA-11,CA-23,OH-08,TX-17,SC-02,KY-02,CO-05,FL-12,AR-01,VA-09,IL-16,SC-01,OH-07,GA-01,MD-01,TX-12,IL-18,CA-08,KS-01
SC-05,0.27505394016447027,0.33896211440218504,0.06390817423771478,NV-02,IN-05,CO-04,NY-27,TX-31,FL-03,MO-02,OH-14,NJ-04,VA-01,CA-50,OH-12,TX-27,MI-02,TX-02,IN-09,CA-42,NC-08,WI-08,CA-22,TX-10,FL-08
SC-06,0.13293589150413815,0.2513521135777458,0.11841622207360764,CA-20,TX-33,CA-05,TX-16,VA-03,MS-02,NC-01,WI-04,NC-12,VT-00,GA-04,OR-03,CA-28,CA-15,NJ-09,NC-04,CA-06,MA-08,HI-02,WA-09,CA-30,TX-28
SC-07,0.0695952943811577,0.114122719035256,0.0445274246540983,WI-07,KS-02,KY-06,NC-10,IN-02,TX-14,WI-06,NC-07,WI-08,VA-01,NC-05,CA-04,NC-06,OH-16,FL-06,CA-01,IA-04,FL-17,TX-06,FL-08,MI-03,FL-16
SD-00,0.06800374989660499,0.15778803820315407,0.08978428830654908,NC-11,FL-17,TX-27,OH-04,IN-08,NC-10,FL-11,CO-04,NC-03,FL-19,AL-03,FL-08,IN-04,IA-04,TX-14,MN-06,KS-04,MI-10,IN-02,MI-02,OH-02,TN-03
TN-01,0.1276109321335755,0.3645863015117271,0.2369753693781516,KY-05,GA-09,NE-03,TX-36,OK-03,TN-06,TX-19,TX-11,TX-04,MO-08,IL-15,TX-08,TX-01,TX-13,AL-04,AL-06,GA-14,KS-01,TN-02,TN-07,KY-01,OH-08
TN-02,0.09113522919266732,0.21691933120402151,0.1257841020113542,TN-07,OK-04,TX-12,TN-08,AZ-04,SC-03,TX-01,IL-18,FL-01,AL-06,IN-03,KY-01,MS-04,MO-03,KY-04,MO-08,OK-03,MO-04,TN-06,MD-01,MO-06,TX-36
TN-03,0.0683427026097154,0.15778803820315407,0.08944533559343867,IN-04,AL-03,WV-01,KY-04,MS-01,FL-11,MO-06,ID-01,IN-06,MO-04,MO-03,IN-08,OH-04,KS-04,MD-01,IN-03,TN-04,MO-07,NC-11,ND-00,SC-03,SD-00
TN-04,0.12527633455685078,0.21099361364742786,0.08571727909057708,WV-01,IN-08,TN-03,AL-03,NC-11,ID-01,IN-04,SD-00,FL-11,OH-06,MO-07,IN-06,KY-04,FL-17,OH-04,MS-01,MO-04,MO-03,NC-10,FL-02,ND-00,MN-06
TN-05,0.042873126781236746,0.1617249053176411,0.11885177853640436,KY-03,NM-03,TX-34,OR-01,NJ-06,WA-02,WA-06,GA-02,MA-03,MI-09,MD-02,DE-00,CT-01,NM-01,TX-15,ME-01,FL-23,CT-03,FL-05,IN-07,CO-02,FL-22
TN-06,0.11556513855830408,0.2595928061406941,0.14402766758239,TX-36,NE-03,KS-01,IL-15,TN-01,MO-08,OK-03,TN-07,TX-01,OH-08,TN-02,KY-02,KY-05,AL-06,VA-09,KY-01,OK-04,AZ-04,GA-09,FL-01,TN-08,WY-00
TN-07,0.07197937204505188,0.17759649489784424,0.10561712285279236,OK-04,TN-08,AZ-04,TN-02,SC-03,IN-03,TX-12,KY-01,FL-01,MO-03,MS-04,TX-01,KY-04,MO-07,IN-06,AL-06,MO-04,MO-08,IL-18,MO-06,MS-01,MD-01
TN-08,0.0414883718648973,0.16552348775929052,0.12403511589439321,OK-04,TX-12,TN-07,AZ-04,IN-03,SC-03,MS-04,MO-03,FL-01,MO-04,MS-01,TN-02,MO-06,KY-04,MD-01,AL-05,IN-06,IL-18,MO-07,KY-01,IN-04,TN-03
TN-09,0.0734325881336073,0.2363502591494243,0.162917671015817,CA-14,NJ-08,MO-01,MI-14,IL-02,MD-07,MD-04,TX-18,IL-01,MI-13,MN-05,CA-02,TX-30,TX-09,NY-12,CA-06,FL-20,CA-28,OH-11,GA-04,OR-03,CA-51
TX-01,0.05375909225424109,0.2448485348128512,0.19108944255861013,AL-06,KY-01,OK-03,TN-07,AZ-04,TN-02,MO-08,OK-04,FL-01,TN-08,OK-02,SC-03,MS-04,MO-07,TX-12,TN-06,MO-03,TX-36,IN-03,KY-04,NE-03,WY-00
TX-02,0.07276918990891677,0.16562072635995773,0.09285153645104095,TX-22,TX-31,CA-50,AZ-06,GA-07,GA-06,TX-24,IN-05,MO-02,TX-10,AZ-05,TX-25,CA-42,FL-03,OK-05,TX-06,NJ-04,CA-22,MI-02,VA-01,NV-02,FL-19
TX-03,0.12812299754532755,0.39277262824692866,0.2646496307016011,AZ-08,TX-05,GA-10,OK-01,AL-01,GA-08,FL-04,FL-25,GA-03,CA-23,MS-03,TX-26,TX-17,GA-11,SC-04,SC-01,SC-02,OH-08,CA-50,VA-06,IL-18,CA-08
TX-04,0.07430398710701873,0.35935575165843664,0.2850517645514179,GA-14,AL-04,TX-19,TX-08,TX-11,KY-05,TN-01,TX-13,NE-03,TN-06,GA-03,OK-03,GA-09,TX-36,FL-04,TX-01,AL-01,OK-01,GA-08,AL-06,TX-05,TN-02
TX-05,0.11110041066530767,0.35545692249553956,0.24435651183023188,OK-01,AZ-08,FL-04,GA-10,AL-01,GA-08,GA-03,TX-03,CA-23,MS-03,TX-26,OH-08,FL-25,GA-11,SC-04,FL-01,IL-18,TN-02,TX-12,GA-14,TN-08,TX-04
TX-06,0.051306481072082855,0.10203764011383248,0.05073115904174963,TX-25,OK-05,TX-10,MO-02,VA-01,CA-42,NC-05,NC-06,TX-31,WA-05,CA-04,VA-05,VA-07,AZ-06,FL-16,GA-07,NC-08,CA-01,NC-02,FL-03,TX-24,KY-06
TX-07,0.08550263153845031,0.1857644207053654,0.10026178916691508,CA-48,CA-45,TX-24,GA-07,GA-06,IL-14,VA-07,NJ-07,TX-10,TX-22,IL-06,NJ-11,OH-01,CA-42,MO-02,NC-02,TX-06,CA-39,AZ-06,VA-05,TX-31,CA-49
TX-08,0.0884954801105683,0.3860028286813453,0.297507348570777,TX-19,TX-11,TX-04,GA-14,AL-04,TX-13,TN-01,KY-05,OK-03,GA-09,GA-03,NE-03,TX-36,TN-06,FL-04,TX-01,AL-06,AL-01,GA-08,OK-01,TN-02,AR-03
TX-09,0.04777188307467062,0.23372523465064707,0.18595335157597645,TX-30,FL-20,OH-11,IL-04,MI-14,MI-13,GA-04,NJ-08,MO-01,CA-14,CA-28,GA-05,WA-07,TN-09,OR-03,CA-12,MD-07,TX-33,MD-04,IL-02,CA-05,TX-18
TX-10,0.04815521778582254,0.1260163283070888,0.07786111052126626,MO-02,TX-24,TX-06,TX-31,GA-07,OK-05,TX-25,CA-42,AZ-06,TX-22,VA-01,FL-03,IN-05,VA-07,GA-06,IL-14,TX-02,OH-01,WA-05,CA-04,NC-06,VA-05
TX-11,0.11780580418638123,0.45253110528448764,0.3347253010981064,TX-08,TX-13,TX-19,AL-04,TX-04,GA-14,TN-01,KY-05,GA-09,OK-03,NE-03,TX-36,TN-06,TX-01,AL-06,GA-03,MO-08,FL-04,TN-02,AR-03,IL-15,AL-01
TX-12,0.06940724025633062,0.17516426576216962,0.105757025505839,TN-08,OK-04,IL-18,AZ-04,TN-07,SC-03,FL-01,MD-01,IN-03,TN-02,MO-06,MO-03,AL-05,KY-04,MS-01,MS-04,MO-04,WI-05,IN-04,AL-03,OR-02,TN-03
TX-13,0.12898846363144265,0.5317424823163934,0.40275401868495075,TX-11,TX-08,TX-19,AL-04,TX-04,TN-01,GA-09,KY-05,GA-14,OK-03,NE-03,TX-36,TN-06,AR-03,TX-01,AL-06,MO-08,TN-02,IL-15,GA-03,FL-04,KY-01
TX-14,0.06806188360602433,0.1267753722140069,0.05871348860798256,TX-27,NC-10,NC-07,CA-01,KY-06,IN-02,SC-07,NC-05,TX-25,CA-04,TX-06,FL-17,VA-01,NC-08,NC-11,OH-16,IA-04,FL-08,OK-05,KS-02,WI-08,NC-06
TX-15,0.05900601664237291,0.14378871652532402,0.0847826998829511,MO-05,FL-09,MD-06,CO-02,CT-04,GA-02,IL-11,FL-22,WA-10,CO-07,IL-08,CA-09,IN-07,CA-16,DE-00,CA-03,TX-34,OR-01,MI-09,NJ-06,CA-26,MA-09
TX-16,0.14611777890626448,0.22685413333792273,0.08073635443165825,MS-02,SC-06,CA-20,CA-30,CA-15,CA-33,TX-33,NC-01,NC-12,MA-04,VT-00,OH-03,MA-08,NJ-09,CA-05,NC-04,CO-01,MD-05,TX-28,WI-04,NY-06,VA-11
TX-17,0.06660871752255858,0.252516328679949,0.1859076111573904,SC-02,SC-01,TX-21,VA-06,GA-01,SC-04,MS-03,CA-08,CO-05,GA-11,TX-26,FL-12,CA-23,FL-15,AR-01,IL-16,AR-04,TX-32,NC-09,OH-07,CA-50,AZ-05
TX-18,0.04797806790607561,0.20625038863599754,0.15827232072992192,MD-07,MD-04,IL-01,MN-05,MO-01,TN-09,NJ-08,CA-14,CA-51,CA-06,CA-02,WA-09,MI-14,IL-02,CA-18,WI-04,CA-11,TX-33,GA-04,CO-01,CA-28,OR-03
TX-19,0.0884954801105683,0.36208971954475594,0.27359423943418765,TX-08,TX-04,TX-11,GA-14,AL-04,TX-13,TN-01,OK-03,KY-05,GA-09,TN-06,TX-36,NE-03,FL-04,GA-03,TX-01,AR-03,TN-02,AL-06,AL-01,GA-08,OK-01
TX-20,0.12493759442217538,0.38137473369377795,0.25643713927160255,FL-21,MA-08,MA-05,VA-03,VT-00,TX-29,CA-35,TX-28,GA-13,FL-14,MS-02,NC-12,IL-03,SC-06,NC-04,AZ-07,IN-01,NC-01,NY-06,AL-07,NY-26,MA-04
TX-21,0.10327207391158555,0.26528563144279044,0.1620135575312049,SC-01,TX-17,SC-02,TX-32,CA-08,GA-01,FL-15,KS-03,NC-09,CO-05,VA-06,SC-04,TX-22,MS-03,AR-04,AZ-06,FL-03,TX-31,TX-02,FL-12,TX-10,AK-00
TX-22,0.06439817543999211,0.1620357522277105,0.09763757678771838,GA-07,TX-24,TX-02,AZ-06,TX-10,GA-06,TX-31,MO-02,CA-42,FL-03,CA-50,TX-06,TX-25,IN-05,TX-07,OK-05,IL-14,VA-01,CA-48,VA-07,CA-04,NV-02
TX-23,0.09005129094021916,0.1993501567594066,0.10929886581918744,NE-02,NH-01,AZ-01,CA-10,NV-04,CA-07,CO-06,NJ-05,NH-02,AZ-02,MN-02,IA-01,CT-05,IA-03,MI-11,IA-02,OR-05,NV-03,VA-10,CA-49,FL-26,NJ-07
TX-24,0.051680315401514354,0.14765688267060223,0.09597656726908788,TX-10,GA-07,TX-22,MO-02,TX-31,CA-42,GA-06,AZ-06,TX-06,TX-07,TX-02,OK-05,IL-14,TX-25,FL-03,VA-07,CA-48,IN-05,VA-01,OH-01,NV-02,NJ-11
TX-25,0.046910340011558256,0.11976896509530334,0.07285862508374508,OK-05,TX-06,TX-31,TX-10,CA-04,MO-02,VA-01,AZ-06,CA-01,NC-05,TX-14,CA-42,NC-06,FL-03,TX-27,IN-05,GA-07,WA-05,TX-24,SC-07,KS-02,KY-06
TX-26,0.08355887146198183,0.2458151973536218,0.16225632589163996,GA-11,SC-04,MS-03,CA-23,OH-08,VA-06,KY-02,TX-17,TX-12,KS-01,SC-02,VA-09,AR-01,CO-05,IL-18,MD-01,TN-02,SC-01,FL-12,TN-08,FL-01,OK-04
TX-27,0.06806188360602433,0.13973508864991643,0.0716732050438921,TX-14,NC-10,NC-11,FL-17,FL-19,SD-00,CA-01,FL-08,TX-25,CO-04,NC-05,IN-02,CA-04,SC-07,IA-04,IN-09,NC-03,TX-31,MI-02,TX-06,AZ-05,OK-05
TX-28,0.11752984727293739,0.2744667101854067,0.1569368629124693,IL-03,IN-01,MA-04,MS-02,MA-08,FL-14,VT-00,OH-09,CT-03,FL-05,TX-16,OH-13,MI-12,VA-03,NJ-09,SC-06,MD-05,CT-01,MD-02,MA-03,NC-01,NY-06
TX-29,0.0973929219707469,0.3330014358077154,0.23560851383696851,GA-13,MA-05,AZ-07,AL-07,OR-03,NY-16,CA-28,VA-03,CA-05,TX-33,CA-20,SC-06,HI-02,TX-20,WI-04,GA-04,CA-17,NY-10,CA-35,NJ-08,TX-30,NC-12
TX-30,0.04777188307467062,0.22138015945427453,0.1736082763796039,TX-09,FL-20,OH-11,MI-14,IL-04,MI-13,MO-01,NJ-08,GA-04,CA-14,CA-28,WA-07,TN-09,GA-05,OR-03,MD-04,MD-07,WI-04,CA-12,NY-14,TX-33,IL-02
TX-31,0.053106026023418476,0.13392098416603723,0.08081495814261876,MO-02,TX-10,TX-25,IN-05,AZ-06,OK-05,TX-06,TX-24,TX-02,FL-03,CA-42,GA-07,TX-22,VA-01,NV-02,MI-02,CA-04,CA-50,GA-06,NJ-04,TX-27,WA-05
TX-32,0.15244936864415015,0.3070331272843372,0.15458375864018703,TX-21,KS-03,SC-01,FL-15,NC-09,GA-01,CA-08,TX-17,SC-02,CA-25,CO-05,GA-06,AZ-06,FL-12,IL-16,TX-22,VA-06,TX-10,TX-02,GA-07,CA-48,TX-24
TX-33,0.08155127413167748,0.22417583500457852,0.14262456087290104,GA-04,CA-20,WI-04,CA-05,CA-28,OR-03,SC-06,CA-15,MD-07,CA-19,TX-18,CA-06,TX-16,MD-04,MO-01,MN-05,IL-01,TX-30,WA-09,NJ-08,TX-09,CA-51
TX-34,0.06559672247909955,0.14159466797870607,0.07599794549960652,WA-02,NJ-06,IN-07,TN-05,OR-01,MD-02,NJ-01,CT-01,CA-41,KY-03,GA-02,FL-23,NM-03,MD-03,TX-15,RI-01,CO-02,IL-11,WA-06,FL-05,MA-03,CA-47
TX-35,0.0723291780680522,0.16734800566484198,0.09501882759678978,NJ-12,MD-08,MN-04,MD-03,MD-05,MD-02,MI-12,NV-01,CA-27,CA-53,FL-05,WI-02,CT-01,IL-09,OH-03,MA-03,CA-38,NJ-01,CA-41,RI-01,WA-02,IL-05
TX-36,0.11172486294464631,0.2925712669590095,0.18084640401436317,NE-03,TN-06,IL-15,TN-01,KS-01,GA-09,KY-05,OK-03,TN-02,TX-01,MO-08,AL-06,TN-07,KY-02,OH-08,VA-09,KY-01,AZ-04,OK-04,TX-26,FL-01,TN-08
UT-01,0.15132699693048826,0.34854387098326667,0.1972168740527784,UT-03,UT-02,ID-02,TX-12,ID-01,OK-04,FL-01,AZ-04,TN-08,WY-00,TX-26,TN-02,KS-04,MO-07,TN-07,MS-04,IN-03,AZ-05,KY-04,TN-03,WI-05,MD-01
UT-02,0.16453419097561459,0.2536710468303389,0.08913685585472433,ID-02,TX-31,TX-02,AZ-05,CO-04,AZ-06,TX-25,OK-05,CA-04,CA-50,IN-05,KS-04,TX-10,TX-22,MI-02,WI-05,GA-07,FL-19,TX-24,MO-02,GA-06,UT-01
UT-03,0.15132699693048826,0.3862266627254002,0.23489966579491192,UT-01,TN-02,TX-12,OK-04,UT-02,FL-01,IL-18,AL-06,AZ-04,TN-08,TN-07,TX-26,ID-02,ID-01,SC-03,TX-01,IN-03,GA-11,WI-05,KY-04,CA-23,OR-02
UT-04,0.28556993013971205,0.350814801569147,0.06524487142943497,UT-02,MT-00,AR-02,OK-05,CA-01,KY-06,NC-02,TX-25,AK-00,CO-03,MI-11,WA-04,CA-04,NE-02,MI-03,WA-05,MI-01,VA-07,TX-06,TX-10,TX-07,TX-24
VA-01,0.06139096024660307,0.1029970387923847,0.041606078545781626,MO-02,TX-06,IN-05,OH-14,OK-05,NM-02,CA-42,FL-16,NC-08,VA-05,MI-03,NV-02,WI-08,TX-25,TX-10,TX-31,SC-07,WA-05,KY-06,CA-04,OH-01,FL-06
VA-02,0.06775632811774847,0.1449353304063575,0.07717900228860904,IL-13,MI-06,MI-03,WA-03,NJ-03,NJ-11,FL-16,NJ-02,OH-01,WA-08,MI-08,VA-07,VA-05,IL-14,MI-11,NM-02,NC-13,OH-14,IA-03,AR-02,NC-02,NJ-07
VA-03,0.1604951021448941,0.2968796978575665,0.13638459571267242,SC-06,VT-00,NC-12,CA-20,NC-01,MA-08,MS-02,NC-04,TX-28,TX-16,GA-13,TX-33,TX-20,FL-14,CA-05,NJ-09,FL-21,TX-29,OH-09,WI-04,AL-07,OR-03
VA-04,0.1603434438946601,0.30749847154091675,0.14715502764625665,FL-10,IL-10,CA-16,CA-26,CA-52,CA-09,CA-24,FL-07,CA-03,MD-06,IL-11,IL-08,CT-04,WA-01,CA-07,NV-04,CA-49,MO-05,VA-10,CO-07,WA-10,AZ-09
VA-05,0.05131763829328078,0.11574029116949719,0.0644226528762164,FL-16,VA-07,FL-06,OH-01,NC-08,CO-03,MI-03,NC-02,VA-01,TX-06,WA-05,CA-42,NC-05,NC-13,NC-06,IL-14,OH-14,WA-03,KY-06,MO-02,MI-06,NM-02
VA-06,0.07569135518670554,0.24383911704236466,0.1681477618556591,SC-04,MS-03,TX-17,CO-05,SC-02,FL-12,CA-23,TX-26,AR-01,GA-11,SC-01,GA-01,IL-16,CA-08,OH-08,OH-07,KY-02,VA-09,TX-21,MD-01,NE-01,MI-10
VA-07,0.058661614365784424,0.11660707525703572,0.05794546089125129,OH-01,VA-05,IL-14,NC-02,FL-16,NJ-11,NC-13,CA-42,TX-06,WA-05,CA-48,CO-03,MI-03,NJ-07,TX-10,MO-02,NC-06,WA-03,VA-01,MI-08,NC-08,FL-06
VA-08,0.06620989352053061,0.231000790041939,0.16479089652140838,IL-05,CA-18,CA-11,CO-01,CA-51,WA-09,IL-09,OH-03,CA-38,WI-02,MN-05,CA-06,CA-27,TX-18,CA-02,NC-04,MD-05,NC-01,MD-07,IL-01,TX-35,NJ-12
VA-09,0.12967135863404836,0.2747965429185746,0.14512518428452623,AR-01,KY-02,OH-08,KS-01,SC-04,IL-15,VA-06,TX-26,OH-07,CO-05,MS-03,GA-11,TN-06,TN-07,ID-01,MO-07,AZ-04,TX-36,OK-04,TN-03,FL-01,MO-03
VA-10,0.0822875142412262,0.20197535740777886,0.11968784316655266,CA-49,MN-03,CA-10,NJ-07,CA-21,CO-06,FL-07,MN-02,NJ-05,NV-03,CA-39,CA-45,CA-48,WA-08,AZ-02,TX-23,IA-03,MI-11,CA-07,NJ-11,IL-06,TX-07
VA-11,0.12001516701025755,0.3004873957423173,0.18047222873205976,AZ-03,CA-32,CA-46,CA-33,TX-16,MS-02,MN-04,FL-14,FL-05,NJ-12,MD-03,MD-08,NJ-01,MA-04,CT-01,TX-28,VT-00,TX-35,NY-17,IN-01,FL-23,MD-02
VT-00,0.1639780940019124,0.28401020448216296,0.12003211048025056,VA-03,MS-02,TX-28,MA-08,SC-06,TX-16,OH-09,IN-01,FL-14,NC-12,NC-01,NJ-09,IL-03,MA-04,CA-20,MI-12,NC-04,NY-06,FL-05,MD-05,TX-20,CT-03
WA-01,0.0732323698920088,0.1660831869877262,0.0928508170957174,CA-24,CA-09,CO-07,IL-08,CA-52,CA-03,WA-10,FL-22,FL-09,MD-06,CA-16,CA-26,AZ-09,CA-07,CO-02,IL-11,TX-15,CT-04,OR-05,MO-05,CT-05,NH-02
WA-02,0.06559672247909955,0.14865391014029875,0.0830571876611992,TX-34,NM-03,NJ-06,CA-41,NM-01,OR-01,TN-05,IN-07,MD-02,KY-03,MA-03,RI-01,CO-02,MD-03,WA-06,CA-47,CT-01,IL-11,NJ-01,GA-02,CA-53,FL-23
WA-03,0.070425741032665,0.1341301047490831,0.0637043637164181,NM-02,OH-01,VA-02,OH-14,WA-05,MI-03,MI-06,NJ-02,NJ-11,IL-14,VA-05,FL-16,VA-07,VA-01,WA-08,MI-08,OH-10,IL-13,WI-08,FL-06,MO-02,NJ-03
WA-04,0.15677305253135826,0.22649084970479486,0.0697177971734366,WV-02,MT-00,NC-06,WI-06,CA-01,NC-05,AK-00,AR-02,CA-04,MI-01,WA-05,TX-25,MI-07,NC-02,NC-10,OK-05,SC-07,TX-06,KS-02,MI-04,NC-13,KY-06
WA-05,0.07534095831617756,0.11444363241351611,0.03910267409733856,NC-06,TX-06,WI-06,VA-05,CA-04,CA-42,WA-03,VA-07,CA-01,FL-06,NM-02,NC-05,OH-01,VA-01,OK-05,FL-16,MI-03,NC-02,MO-02,CO-03,TX-25,KY-06
WA-06,0.06943291726551608,0.15642598888931464,0.08699307162379856,NM-03,KY-03,MI-09,GA-02,TN-05,NM-01,FL-22,WA-02,NJ-06,DE-00,WA-10,TX-34,OR-01,ME-01,TX-15,CO-02,CO-07,AZ-09,FL-09,RI-02,MO-05,MI-05
WA-07,0.1694496127171732,0.2747994564223154,0.1053498437051422,CA-37,TX-30,FL-20,TX-09,CA-43,CA-12,IL-02,MI-14,OH-11,IL-04,NY-12,MI-13,MO-01,CA-14,TN-09,GA-05,IL-07,NJ-08,NY-14,NY-05,CA-28,MD-04
WA-08,0.08639933448817763,0.1695499778826291,0.08315064339445147,NJ-11,MN-03,IL-06,CA-48,CA-45,NJ-02,IL-14,WA-03,VA-02,OH-01,CA-39,NJ-07,VA-07,IL-13,NM-02,MI-06,MI-08,MI-03,VA-05,NJ-03,OH-14,OH-10
WA-09,0.03741817740083021,0.20303855545191413,0.16562037805108393,CA-51,CA-11,CA-06,CA-18,CO-01,CA-02,IL-05,VA-08,WI-02,NC-01,NC-04,MN-05,OH-03,IL-09,TX-18,IL-01,MD-07,NJ-09,NC-12,CA-38,MD-04,MD-05
WA-10,0.06536000305997546,0.14329256784634714,0.07793256478637169,CA-03,CO-07,FL-09,MO-05,CA-09,MD-06,WA-01,FL-22,TX-15,IL-08,GA-02,CA-16,CO-02,AZ-09,WA-06,IL-11,CA-36,DE-00,IL-17,CA-26,NM-03,CT-04
WI-01,0.09135660895633113,0.1670188761787122,0.07566226722238106,OH-10,OH-02,OH-16,OH-15,OH-14,NM-02,WI-08,VA-01,MI-02,NJ-04,OH-12,WA-03,IN-05,KS-02,MI-03,SC-07,FL-08,MI-06,VA-02,CA-22,WI-07,FL-16
WI-02,0.07858759444085313,0.18076421105960114,0.10217661661874801,OH-03,MD-05,NJ-09,IL-09,NC-01,CO-01,NC-04,TX-35,IL-05,NJ-12,MI-12,CA-11,WA-09,CA-38,CA-51,CA-27,NC-12,OH-09,FL-05,CA-18,VA-08,CA-53
WI-03,0.2394705520779121,0.3780628800213002,0.13859232794338808,IN-01,IL-03,FL-14,CT-02,MI-05,MI-09,DE-00,OR-04,MA-06,NY-04,OH-13,TX-28,GA-02,ME-01,NY-17,KY-03,CT-03,TN-05,AZ-03,FL-09,NM-03,RI-02
WI-04,0.08459496328091887,0.23409398820238853,0.14949902492146966,CA-20,TX-33,GA-04,OR-03,CA-05,CA-28,CA-19,CA-15,TX-18,SC-06,MD-07,MD-04,MN-05,IL-01,MO-01,NY-10,TX-30,CA-43,CA-06,NJ-08,TX-16,CA-51
WI-05,0.067834909891589,0.1554028796386992,0.0875679697471102,NE-01,NC-03,MD-01,FL-19,OR-02,AZ-05,CO-04,MO-06,CA-50,KS-04,FL-08,MI-02,OH-12,NJ-04,FL-11,IL-18,CA-22,MS-01,TX-12,OH-02,AL-03,IN-04
WI-06,0.08192655247232125,0.13008785492889022,0.048161302456568966,NC-06,WA-05,SC-07,MI-07,WI-07,AR-02,KS-02,OK-05,FL-06,NC-05,MT-00,TX-06,CA-01,MI-08,CO-03,MI-06,MI-03,CA-04,VA-01,VA-05,TX-25,MI-04
WI-07,0.0695952943811577,0.12461225862650922,0.05501696424535152,SC-07,WI-08,FL-06,IA-04,KY-06,NC-07,WI-06,IN-02,NC-05,OH-16,CA-01,NC-06,FL-16,WA-05,KS-02,MI-07,NC-10,NC-08,MI-03,VA-05,OH-14,MT-00
WI-08,0.07672620152203552,0.1292624075282524,0.05253620600621689,OH-16,OH-14,WI-07,VA-01,FL-06,OH-15,OH-02,SC-07,NM-02,NC-08,FL-16,NC-07,KY-06,IA-04,FL-08,VA-05,NJ-04,MI-02,TX-14,WA-03,WA-05,NV-02
WV-01,0.08586969779846669,0.17663983129520933,0.09077013349674264,TN-03,ID-01,KY-04,IN-06,AL-03,IN-04,MO-03,TN-04,FL-11,MO-04,MS-01,MO-07,OH-04,MO-06,SC-03,IN-08,OH-06,AZ-04,ND-00,IN-03,NC-11,SD-00
WV-02,0.15677305253135826,0.282718669793843,0.12594561726248477,WA-04,MI-04,MT-00,NC-10,NC-11,TN-04,CA-01,IN-09,FL-17,WI-06,IA-04,TX-27,AR-04,IN-08,AK-00,NC-06,NC-05,MI-01,IN-02,AL-02,KS-02,AR-01
WV-03,0.19345394800830504,0.3317478259160111,0.13829387790770606,FL-02,OH-06,ND-00,TN-04,WV-01,IN-08,TN-03,IN-06,MO-07,OK-02,KY-04,ID-01,IN-04,MS-01,MN-06,MO-04,MO-03,AL-03,NC-11,OH-04,FL-11,IN-03
WY-00,0.1290100965041108,0.2466593703875852,0.1176492738834744,MS-04,MO-07,FL-01,AZ-04,OK-04,MO-03,TN-08,KY-01,ID-01,OK-02,MO-04,TN-07,IN-06,AL-05,TX-12,IN-04,TN-03,MO-08,TX-01,SC-03,KS-01,IN-03
